index,roll,pitch,yaw,accx,accy,accz,gyrox,gyroy,gyroz
0,0,0,0,-2.13477,-1.58484,9.78698,0,0,0
1,1.2937,3.05228,-77.7625,-0.480685,0.587371,9.9353,0.102746,-0.526333,0.0215902
2,1.36753,2.75539,-77.7539,-0.741963,0.334048,9.74991,0.0750491,-0.425133,0.0301124
3,1.38639,2.58564,-77.7419,-0.527826,0.0917847,9.93028,0.0217859,-0.299432,0.0343734
4,1.38375,2.45843,-77.7306,-0.413687,-0.0109685,10.0966,0.0207206,-0.139642,0.00348076
5,1.38736,2.41145,-77.7361,-0.371947,0.0812435,10.2273,0.0409607,-0.0192673,-0.0124982
6,1.42438,2.41606,-77.7513,-0.217916,0.461721,10.3806,0.0888976,0.0446486,-0.0412603
7,1.50584,2.44008,-77.7831,-0.430501,0.50895,10.3437,0.120855,0.0446486,-0.0497825
8,1.59008,2.46477,-77.8056,-0.495571,0.603363,10.0806,0.115529,0.0446486,-0.0295424
9,1.65739,2.49482,-77.8152,-0.593865,0.479884,10.0356,0.0974197,0.0616928,0.000284962
10,1.70997,2.53729,-77.8104,-0.571195,0.330842,9.94715,0.0590702,0.0691497,0.024786
11,1.7257,2.60161,-77.7867,-0.755749,0.22518,9.829,-0.0048457,0.110695,0.0524829
12,1.6886,2.69486,-77.7344,-0.776258,0.147768,9.84135,-0.0890016,0.134131,0.097224
13,1.61719,2.7773,-77.6628,-0.685564,0.183038,9.80787,-0.140134,0.125609,0.128117
14,1.51848,2.84732,-77.5756,-0.624753,0.187343,9.96847,-0.195528,0.11176,0.153683
15,1.39795,2.90789,-77.4842,-0.543848,0.23438,10.1545,-0.231747,0.0936507,0.156879
16,1.26612,2.96485,-77.3975,-0.303639,0.312608,10.3026,-0.249856,0.12987,0.134508
17,1.12625,3.03026,-77.3189,-0.420923,0.305857,10.2641,-0.270097,0.122413,0.132378
18,0.96244,3.07591,-77.2449,-0.347246,0.211397,10.17,-0.270097,0.0691497,0.10042
19,0.821116,3.09371,-77.193,-0.494206,0.111188,10.1475,-0.234943,0.0286696,0.0844408
20,0.708085,3.1028,-77.155,-0.440337,0.0425807,10.0901,-0.197659,0.0254738,0.0716577
21,0.595128,3.12102,-77.1249,-0.707464,0.0569842,10.0827,-0.16144,0.0414528,0.0343734
22,0.512306,3.13374,-77.1069,-0.535955,0.0871337,10.1551,-0.131612,0.0105601,0.0290471
23,0.456581,3.12776,-77.0999,-0.5898,0.134247,10.1634,-0.0698268,-0.0395073,-0.00291083
24,0.43026,3.09239,-77.1021,-0.58904,0.22504,10.1478,-0.0272162,-0.0778568,-0.0114329
25,0.434929,3.04875,-77.1095,-0.503899,0.274647,10.1779,0.00474168,-0.0863789,-0.0220856
26,0.442901,3.0034,-77.1237,-0.519687,0.0991785,10.1749,0.0111333,-0.0597473,-0.0263466
27,0.438946,2.99229,-77.1385,-0.587229,-0.0306221,10.1041,-0.00591096,-0.00435359,-0.0188898
28,0.419489,3.00554,-77.1535,-0.530915,-0.00687616,10.0655,-0.0293468,0.0201475,-0.0284772
29,0.383432,3.0144,-77.169,-0.583529,-0.0575246,10.0277,-0.0570436,-0.0011578,-0.031673
30,0.326414,3.01581,-77.1765,-0.519907,-0.214156,10.0747,-0.0804795,-0.00754938,-0.0103677
31,0.261665,3.01139,-77.1766,-0.563816,-0.0745428,10.0328,-0.109242,-0.0373768,-0.00504136
32,0.192761,2.99364,-77.1717,-0.587315,-0.0253634,10.1368,-0.12096,-0.0395073,0.0120029
33,0.120236,2.96934,-77.1622,-0.530954,0.0163902,10.1219,-0.125221,-0.0405726,0.0141334
34,0.0535108,2.95268,-77.1516,-0.504547,0.144547,10.0863,-0.125221,-0.0309852,0.0141334
35,-0.0129057,2.95166,-77.1465,-0.539124,0.120181,10.1065,-0.128416,-0.00541885,0.00774181
36,-0.0835539,2.95075,-77.1448,-0.433211,0.065525,10.1609,-0.119894,-0.00648412,0.00348076
37,-0.136367,2.9399,-77.1429,-0.513779,0.135584,10.1208,-0.104981,-0.0277894,0.000284962
38,-0.195241,2.90757,-77.1433,-0.469413,0.0253315,10.1031,-0.100719,-0.0672042,-0.0039761
39,-0.238635,2.8685,-77.1431,-0.456214,0.0687729,10.0452,-0.0783489,-0.0725305,0.000284962
40,-0.276457,2.8255,-77.1436,-0.45168,-0.0116113,10.1134,-0.0740879,-0.0757263,-0.0103677
41,-0.314453,2.77414,-77.1528,-0.488423,-0.0454047,10.2079,-0.046391,-0.0853137,-0.0210203
42,-0.329572,2.73316,-77.1665,-0.459002,-0.00433887,10.1535,-0.0133678,-0.0629431,-0.0295424
43,-0.31864,2.70057,-77.1921,-0.58121,0.118966,10.2465,0.0292428,-0.0533557,-0.0444561
44,-0.278345,2.6764,-77.2175,-0.532027,0.101821,10.1026,0.0761144,-0.0533557,-0.0497825
45,-0.22193,2.63916,-77.2443,-0.619013,-0.0975436,10.2508,0.112333,-0.0831831,-0.0487172
46,-0.149035,2.58833,-77.2708,-0.52306,-0.0483282,10.2862,0.148552,-0.0970316,-0.0529783
47,-0.070074,2.54668,-77.2935,-0.526997,-0.0540576,10.3587,0.163466,-0.0799874,-0.0423256
48,0.0365383,2.50229,-77.3201,-0.447444,-0.0942171,10.2541,0.191163,-0.0597473,-0.0444561
49,0.156986,2.48012,-77.3456,-0.478997,0.0445674,10.2846,0.236969,-0.0203326,-0.0540435
50,0.321577,2.47198,-77.3819,-0.401161,0.0799433,10.3075,0.271058,-0.0203326,-0.0646962
51,0.488356,2.45624,-77.4213,-0.457295,0.0833669,10.3535,0.305146,-0.0395073,-0.067892
52,0.674358,2.43899,-77.4621,-0.414456,0.230977,10.3106,0.337104,-0.0267241,-0.0636309
53,0.877095,2.43131,-77.5026,-0.328358,0.207546,10.4145,0.348822,-0.00328832,-0.0700225
54,1.05912,2.44452,-77.5366,-0.464432,0.137549,10.4392,0.358409,0.042518,-0.072153
55,1.29548,2.47944,-77.5804,-0.419403,0.269507,10.2656,0.390367,0.0616928,-0.067892
56,1.53423,2.51311,-77.6214,-0.507134,0.277101,10.0855,0.438304,0.0435833,-0.0764141
57,1.79985,2.53739,-77.662,-0.617126,0.275592,10.0397,0.494763,0.0244085,-0.0710877
58,2.07012,2.54632,-77.701,-0.604486,0.441081,9.90309,0.541635,0.00842958,-0.0710877
59,2.47071,2.55596,-77.751,-0.582224,0.588324,10.0435,0.60342,0.0158864,-0.0764141
60,2.83433,2.58726,-77.7902,-0.521722,0.691715,10.0145,0.634313,0.0723454,-0.0657614
61,3.17431,2.63573,-77.8197,-0.458446,0.6987,10.0102,0.656683,0.0957813,-0.0615004
62,3.6055,2.70922,-77.8514,-0.466465,0.835001,10.0204,0.674793,0.113891,-0.0423256
63,4.00705,2.76857,-77.8703,-0.394674,1.07144,10.1391,0.681185,0.105369,-0.0242161
64,4.41475,2.83058,-77.8701,-0.466368,1.12663,10.1096,0.68225,0.104303,-0.00504136
65,4.81847,2.89609,-77.8628,-0.523549,0.866622,9.90171,0.698229,0.120282,0.0151987
66,5.23924,2.96644,-77.8436,-0.616283,0.961102,9.78758,0.748296,0.0989771,0.0226555
67,5.69506,3.01254,-77.8237,-0.713053,0.947453,9.56754,0.820734,0.0457138,0.0258513
68,6.24951,3.035,-77.805,-0.754527,1.061,9.31153,0.933652,0.00523379,0.024786
69,6.70152,3.04162,-77.796,-0.754093,1.09571,9.26829,1.01461,-0.0192673,0.0162639
70,7.44536,3.05374,-77.7924,-0.730393,1.23519,9.48839,1.11688,-0.0118104,-0.00291083
71,8.10278,3.05654,-77.793,-0.655899,1.36615,9.63166,1.15949,-0.0192673,0.00241549
72,8.77333,3.05191,-77.7926,-0.678025,1.40927,9.83528,1.18399,-0.0160715,0.0120029
73,9.37286,3.0516,-77.7855,-0.621947,1.44524,9.88198,1.16695,-0.00754938,0.0109376
74,10.1008,3.06033,-77.7645,-0.651618,1.58766,9.89976,1.16162,0.00842958,0.0375692
75,10.759,3.05889,-77.7412,-0.519576,1.80693,9.8146,1.15416,-0.00967991,0.0556787
76,11.4206,3.04224,-77.7129,-0.608582,1.96963,9.80607,1.14671,-0.0309852,0.0599398
77,12.1517,3.00648,-77.6797,-0.478725,2.10769,9.65688,1.16481,-0.0490947,0.0705924
78,12.7509,2.9701,-77.6505,-0.522356,2.17149,9.85911,1.15736,-0.0725305,0.0695271
79,13.474,2.90959,-77.6121,-0.424886,2.19691,9.92154,1.14351,-0.0714652,0.0759187
80,14.1285,2.86851,-77.5761,-0.302688,2.41711,10.0486,1.15203,-0.0277894,0.0716577
81,14.7918,2.84551,-77.5413,-0.310212,2.6205,10.0647,1.16695,0.0158864,0.0684619
82,15.4635,2.84377,-77.5101,-0.284683,2.64155,10.0428,1.18186,0.0457138,0.0343734
83,16.1435,2.86386,-77.48,-0.442253,2.7456,9.90239,1.20423,0.0574317,0.0396997
84,16.8241,2.89804,-77.4543,-0.28389,2.70189,9.95809,1.21169,0.105369,0.0109376
85,17.5221,2.94429,-77.4273,-0.330525,3.17923,9.89344,1.21914,0.0861939,0.0162639
86,18.2191,2.97557,-77.3997,-0.421346,3.31148,9.8267,1.19358,0.042518,0.0333082
87,18.9584,2.98368,-77.3679,-0.467636,3.14448,9.78975,1.15842,0.038257,0.0450261
88,19.6144,2.99985,-77.326,-0.562651,3.13788,9.59693,1.1531,0.0478444,0.0556787
89,20.208,3.00542,-77.2942,-0.509288,3.25777,9.57905,1.16588,0.0308001,0.0503524
90,20.9383,2.99595,-77.2646,-0.380869,3.45562,9.4539,1.18186,0.00523379,0.0492871
91,21.6094,2.9846,-77.2424,-0.509439,3.6701,9.50608,1.18399,0.0105601,0.0343734
92,22.2805,2.99128,-77.2145,-0.437496,3.66551,9.57222,1.18079,0.0574317,0.0333082
93,22.9464,3.01731,-77.1814,-0.447988,3.80629,9.76375,1.18186,0.0851286,0.0301124
94,23.5454,3.05758,-77.1502,-0.419071,3.97307,9.62328,1.1776,0.132,0.0226555
95,24.3381,3.14346,-77.099,-0.410208,3.88642,9.49381,1.17121,0.162893,0.00667655
96,25.0007,3.22639,-77.0544,-0.457868,3.96855,9.37359,1.19358,0.177807,0.00135023
97,25.475,3.29366,-77.021,-0.439131,4.01198,9.28487,1.21275,0.205503,-0.00823715
98,26.3873,3.45728,-76.9468,-0.420263,3.98564,9.02341,1.27347,0.286464,-0.015694
99,26.9742,3.58378,-76.8935,-0.433262,4.05098,8.77937,1.32887,0.33227,-0.0252814
100,27.9826,3.83886,-76.7942,-0.687258,3.9993,8.51386,1.41622,0.35251,-0.051913
101,28.7921,3.99695,-76.7439,-0.700503,4.24728,8.69719,1.47055,0.21296,-0.0529783
102,29.6393,4.09299,-76.7223,-0.65066,4.771,8.52656,1.50783,0.140522,-0.0444561
103,30.5179,4.16758,-76.7063,-0.647402,5.25289,8.6444,1.52913,0.125609,-0.0295424
104,31.399,4.23186,-76.6819,-0.722642,5.3944,8.76968,1.51529,0.114956,-0.00291083
105,32.2573,4.27697,-76.647,-0.612897,5.33456,8.75698,1.4812,0.113891,0.0173292
106,33.0103,4.31748,-76.5992,-0.585532,5.46947,8.48759,1.44178,0.139457,0.0439608
107,33.9076,4.36467,-76.5168,-0.495796,5.72668,8.67696,1.40024,0.153306,0.0748535
108,34.7896,4.41744,-76.4069,-0.476575,5.90357,8.72882,1.38,0.205503,0.104681
109,35.581,4.48818,-76.2758,-0.667895,5.96112,8.35099,1.36508,0.266224,0.107877
110,36.2201,4.57263,-76.1522,-0.741052,6.04556,8.29092,1.38639,0.345053,0.10042
111,37.0382,4.7084,-75.9906,-0.781416,5.4055,7.18082,1.42687,0.378076,0.0620703
112,38.0472,4.9439,-75.7867,-0.989963,6.85146,7.48631,1.44924,0.39299,0.0290471
113,38.9326,5.08379,-75.6722,-0.894125,6.65302,7.99113,1.50889,0.27368,0.0120029
114,39.7924,5.17776,-75.5928,-0.794513,6.7578,8.12483,1.45776,0.196981,-0.00184557
115,40.6208,5.27687,-75.5049,-0.802861,7.04518,8.05463,1.42048,0.257701,-0.00184557
116,41.4243,5.39239,-75.4037,-0.954091,6.97012,7.78585,1.33632,0.270485,0.00135023
117,42.2486,5.50072,-75.2971,-0.988396,6.92462,7.69349,1.27347,0.226809,0.0173292
118,42.9682,5.58596,-75.2002,-1.08956,6.90997,7.67288,1.23193,0.218287,0.0311776
119,43.6732,5.66317,-75.1111,-1.08351,6.84432,7.37866,1.21914,0.191655,0.020525
120,44.3679,5.74116,-75.0202,-1.01477,6.86374,7.38883,1.19997,0.207634,0.0162639
121,45.0429,5.81813,-74.9207,-1.06711,7.1758,7.06922,1.15416,0.194851,0.0290471
122,45.7156,5.88053,-74.8382,-0.989675,7.07246,6.91883,1.16375,0.15011,0.0194597
123,46.3891,5.93149,-74.7756,-1.00607,7.22973,6.80242,1.16908,0.145849,0.00561128
124,46.9943,5.98536,-74.717,-0.92282,7.28107,6.85797,1.16055,0.163958,-0.00930242
125,47.7962,6.06689,-74.6335,-1.00757,7.47866,6.75359,1.14777,0.182068,-0.0135635
126,48.4484,6.14536,-74.5536,-1.08274,7.47855,6.5787,1.10942,0.201242,-0.0135635
127,48.9649,6.21171,-74.4811,-1.1968,7.56527,6.35964,1.08918,0.207634,-0.00291083
128,49.6693,6.30167,-74.3839,-1.10266,7.48358,6.13489,1.10516,0.204438,-0.00717189
129,50.3303,6.36725,-74.3077,-1.10347,7.69137,6.29237,1.1499,0.155436,-0.00291083
130,51.0692,6.4036,-74.2466,-0.952619,7.85107,6.3606,1.15949,0.0702149,0.0215902
131,51.7392,6.39279,-74.2229,-1.16186,8.05919,5.77931,1.13605,0.0137559,0.0503524
132,52.4036,6.36314,-74.2035,-1.04578,7.89556,5.79112,1.13286,-0.00541885,0.0652661
133,53.0718,6.33085,-74.1831,-0.999328,7.79283,5.71544,1.16268,0.00629906,0.0663314
134,53.8224,6.29618,-74.1634,-1.0425,8.01602,5.65062,1.1776,0.0105601,0.0652661
135,54.507,6.2703,-74.1432,-0.833235,7.94422,5.56227,1.18079,0.0233433,0.0482219
136,55.188,6.24625,-74.1137,-0.880201,8.00854,5.69386,1.18825,0.0393222,0.0471566
137,55.8809,6.22483,-74.0864,-0.833342,7.92698,5.08904,1.18932,0.018017,0.0482219
138,56.5729,6.19385,-74.0744,-0.888394,7.9311,5.32359,1.21275,-0.0352463,0.0556787
139,57.1257,6.15631,-74.0782,-0.886124,8.18014,5.23302,1.21595,-0.0448336,0.0524829
140,57.9482,6.09333,-74.0838,-0.962533,8.28854,5.12786,1.17334,-0.05016,0.0887019
141,58.6145,6.02279,-74.0916,-0.965756,8.25872,4.96816,1.16268,-0.0821179,0.104681
142,59.3577,5.93943,-74.1039,-0.975202,8.38127,4.8532,1.18186,-0.0767916,0.108942
143,60.0438,5.86465,-74.1054,-0.779859,8.35555,4.72188,1.20743,-0.0448336,0.113203
144,60.7534,5.79849,-74.0834,-0.960205,8.51341,4.50782,1.21382,0.00629906,0.129182
145,61.3252,5.74922,-74.055,-1.02838,8.52709,4.41814,1.23512,0.002038,0.123856
146,62.1956,5.65945,-74.0232,-1.22833,8.52186,4.2792,1.24471,-0.0554863,0.150487
147,62.9188,5.56115,-74.0359,-1.12786,8.62786,4.19538,1.24791,-0.155621,0.16114
148,63.6317,5.43281,-74.0867,-0.959486,8.57988,3.98809,1.2234,-0.208884,0.172858
149,64.3397,5.28815,-74.1441,-1.13925,8.91081,3.96748,1.21275,-0.198232,0.210142
150,65.1098,5.10697,-74.1945,-1.18192,9.27465,4.05236,1.18186,-0.167339,0.254883
151,65.8047,4.92377,-74.2348,-0.228139,8.89018,3.21282,1.19571,-0.198232,0.286841
152,66.5281,4.73628,-74.2209,-1.27511,8.91647,4.08704,1.26495,-0.0704,0.306016
153,67.2509,4.56222,-74.1886,-0.629058,9.3366,3.63994,1.24897,-0.05016,0.308146
154,67.9961,4.39611,-74.1131,-0.83777,9.38946,3.54687,1.25323,0.0606275,0.333713
155,68.7361,4.22147,-74.0124,-0.813781,9.61454,3.39603,1.25962,0.0627581,0.366736
156,69.4796,4.03733,-73.9067,-0.527708,9.42858,2.83276,1.24897,0.0318654,0.375258
157,70.225,3.84162,-73.8172,-0.635061,9.12783,3.37558,1.27773,0.0339959,0.366736
158,70.8805,3.66677,-73.748,-0.417352,9.16159,3.18281,1.2756,0.0105601,0.350757
159,71.7538,3.4315,-73.6825,-0.224013,8.96256,3.2242,1.28519,-0.0490947,0.325191
160,72.4811,3.22375,-73.6713,-0.185913,8.51134,3.21302,1.3001,-0.102358,0.332647
161,73.1474,3.03809,-73.6819,-0.387904,9.71032,3.19933,1.31608,-0.101293,0.335843
162,73.9691,2.81738,-73.6667,-1.43892,8.19154,2.04251,1.30117,-0.0810526,0.340104
163,74.5281,2.64707,-73.6763,-0.102541,10.1135,3.05929,1.2234,-0.153491,0.330517
164,75.3617,2.39078,-73.6476,-0.694715,8.88479,2.44096,1.2234,0.00629906,0.367801
165,76.0453,2.20006,-73.5948,-0.442115,9.52455,2.37202,1.16055,-0.0107452,0.350757
166,76.7024,2.00988,-73.5501,-0.306844,9.82568,2.54847,1.1531,-0.013941,0.340104
167,77.4104,1.79418,-73.51,-0.246081,9.84692,2.28867,1.10729,-0.00754938,0.345431
168,77.9111,1.63748,-73.4778,-0.075521,9.76448,2.38199,1.09983,0.0137559,0.32306
169,78.6348,1.42391,-73.4176,-0.123925,9.66348,2.55583,1.06255,0.0244085,0.291102
170,79.1508,1.28374,-73.385,-0.115971,9.65532,2.35084,1.01568,-0.0160715,0.24423
171,79.5886,1.17793,-73.3659,-0.181851,9.66246,2.12332,0.952827,-0.0160715,0.200555
172,80.1351,1.06788,-73.3347,-0.542249,9.35085,2.23599,0.855888,0.000972733,0.155814
173,80.6571,0.946439,-73.3279,-0.00920123,9.94003,2.39338,0.70249,-0.0107452,0.14303
174,81.0018,0.873352,-73.3065,-0.346802,9.53517,2.49599,0.618334,-0.0320505,0.104681
175,81.2723,0.819302,-73.3048,-0.301629,10.2449,2.50267,0.47985,-0.0192673,0.0823103
176,81.4053,0.790683,-73.2933,-0.184309,10.1961,2.42108,0.415934,-0.0107452,0.0748535
177,81.6452,0.728482,-73.2804,-0.128279,9.98265,1.98372,0.287037,-0.018202,0.0673966
178,81.7594,0.69094,-73.2812,-0.137616,9.91254,1.92349,0.195424,-0.0235283,0.0428955
179,81.8179,0.667666,-73.2771,-0.054119,9.85035,2.1558,0.0931586,-0.00435359,0.0151987
180,81.8117,0.664312,-73.2555,-0.0577292,10.02,2.02663,-0.0123025,0.0521054,-0.0210203
181,81.7342,0.687933,-73.1981,-0.00733994,9.97678,1.9858,-0.139069,0.100042,-0.051913
182,81.6064,0.723082,-73.1455,-0.00261563,9.80877,1.83038,-0.228551,0.100042,-0.0742835
183,81.4512,0.774693,-73.1024,0.150592,9.85079,1.52246,-0.272227,0.105369,-0.10198
184,81.2891,0.84092,-73.0625,0.145632,9.84086,1.38469,-0.291402,0.103238,-0.128612
185,81.1211,0.91121,-73.0317,0.122504,9.8206,1.25431,-0.316968,0.0798023,-0.12009
186,80.9533,0.979442,-73.0095,0.0554654,9.73817,1.14757,-0.314838,0.0638233,-0.115829
187,80.7804,1.04015,-73.0049,-0.0151309,9.6479,1.47766,-0.32549,0.0201475,-0.0987846
188,80.5914,1.09197,-73.0245,-0.0938882,9.68203,1.3647,-0.346796,-0.0203326,-0.0902625
189,80.3843,1.13243,-73.05,-0.0777041,9.56393,1.61374,-0.385145,-0.034181,-0.0732183
190,80.1185,1.15587,-73.0846,-0.146338,9.64152,1.77107,-0.445865,-0.0586821,-0.0348688
191,79.854,1.16048,-73.1228,-0.112425,9.60035,1.79209,-0.471431,-0.0650737,-0.0178245
192,79.5968,1.15488,-73.1548,-0.130646,9.57201,1.7776,-0.510846,-0.0672042,0.00348076
193,79.2514,1.1519,-73.1789,-0.315832,9.41879,1.72797,-0.585415,-0.0171368,0.0120029
194,78.9677,1.15208,-73.1829,-0.343014,9.29311,1.96843,-0.632286,-0.0224631,-0.00930242
195,78.4998,1.16392,-73.2027,-0.48716,9.33781,1.97419,-0.704724,-0.0458989,-0.0348688
196,78.0791,1.19671,-73.209,-0.514769,9.30208,2.0377,-0.750531,-0.0011578,-0.0604351
197,77.719,1.24228,-73.2055,-0.529571,9.32178,2.16854,-0.802729,0.0137559,-0.0934583
198,77.072,1.32558,-73.2031,-0.384637,9.56705,2.53658,-0.883689,0.00310326,-0.10198
199,76.5422,1.3808,-73.2089,-0.300069,9.67948,2.37325,-0.920973,0.0137559,-0.104111
200,76.0703,1.43112,-73.2028,-0.184203,9.56486,2.07004,-0.92843,0.0489096,-0.0785446
201,75.5051,1.4864,-73.1855,-0.150012,9.55638,2.08405,-0.914581,0.0553012,-0.0689572
202,75.007,1.52906,-73.1801,-0.14843,9.45646,2.40954,-0.868775,0.0244085,-0.0732183
203,74.5176,1.57482,-73.1854,-0.247754,9.51356,2.52359,-0.864514,0.0329307,-0.0838709
204,73.9796,1.65192,-73.1639,-0.283905,9.60261,2.70961,-0.861318,0.105369,-0.117959
205,73.4803,1.7525,-73.1094,-0.356098,9.66784,2.82883,-0.88795,0.167154,-0.153113
206,72.9314,1.87781,-73.0236,-0.43665,9.6178,3.47837,-0.998737,0.217221,-0.171223
207,72.342,1.98006,-72.9524,-0.299537,9.61043,3.96421,-1.16066,0.147979,-0.141395
208,71.5413,2.07392,-72.9053,-0.188294,9.45766,3.3798,-1.27784,0.116021,-0.128612
209,70.7894,2.1692,-72.8611,-0.271595,9.31655,3.15862,-1.33536,0.133066,-0.139265
210,70.1114,2.25972,-72.834,-0.200865,9.28774,3.02338,-1.33856,0.0936507,-0.155244
211,69.294,2.36983,-72.8278,-0.32848,9.34307,2.97826,-1.31406,0.0616928,-0.156309
212,68.6412,2.46244,-72.8487,-0.487804,9.26162,2.92162,-1.29595,0.022278,-0.179745
213,67.8705,2.59065,-72.8909,-0.646324,9.13561,3.03501,-1.25866,0.000972733,-0.206376
214,67.0878,2.71966,-72.9435,-0.4757,9.31253,4.09463,-1.27784,-0.0160715,-0.202115
215,66.2816,2.78725,-73.0081,-0.157511,9.53944,5.38662,-1.4078,-0.0853137,-0.141395
216,65.4084,2.80238,-73.0752,0.000605244,9.32401,4.69783,-1.48876,-0.0458989,-0.0785446
217,64.5571,2.83469,-73.0718,-0.111652,8.92722,3.98383,-1.47491,0.137327,-0.0583046
218,63.82,2.89771,-73.0111,-0.324228,8.91705,3.83051,-1.46319,0.188459,-0.0540435
219,62.9526,2.96509,-72.9615,-0.435993,8.89232,3.73021,-1.39928,0.0808676,-0.0572393
220,62.1366,3.01082,-72.9783,-0.548254,8.68304,3.85688,-1.31512,-0.0213978,-0.0742835
221,61.5009,3.04714,-73.0198,-0.680276,8.42971,3.86928,-1.27038,-0.0427031,-0.0913278
222,60.7323,3.10923,-73.0687,-0.693561,8.21306,4.0708,-1.26931,-0.0011578,-0.113698
223,60.077,3.1709,-73.0968,-0.694768,8.13871,4.70104,-1.3034,0.002038,-0.117959
224,59.2836,3.22603,-73.1402,-0.74903,8.23998,5.39129,-1.40567,-0.0842484,-0.105176
225,58.3495,3.2479,-73.2236,-0.728161,8.33047,5.31196,-1.48876,-0.125794,-0.0838709
226,57.7276,3.24338,-73.2829,-0.710208,8.29922,5.27706,-1.56226,-0.144968,-0.0423256
227,56.5199,3.20296,-73.375,-0.527389,8.45707,5.48082,-1.66133,-0.12899,0.00880708
228,55.4658,3.1356,-73.4178,-0.527566,8.40658,5.42606,-1.69968,-0.106619,0.0801798
229,54.594,3.0756,-73.4194,-0.651114,8.06878,5.87998,-1.70501,-0.038442,0.113203
230,53.6386,2.99767,-73.4107,-0.587648,8.06792,5.34446,-1.69968,-0.0650737,0.127051
231,52.874,2.93277,-73.4001,-0.605122,7.68193,5.35804,-1.69435,-0.0980968,0.14303
232,51.6243,2.77194,-73.4209,-0.372588,7.31943,6.14449,-1.66027,-0.214211,0.165401
233,50.5593,2.58082,-73.4769,-0.136634,7.43094,6.52488,-1.6592,-0.261082,0.176054
234,49.5881,2.39361,-73.5178,-0.119306,7.49926,6.84964,-1.67731,-0.23019,0.200555
235,48.6983,2.2304,-73.53,-0.0108663,7.43755,7.17047,-1.69862,-0.177992,0.22186
236,47.605,2.04814,-73.5134,-0.0353169,7.43692,7.42091,-1.70288,-0.12899,0.212273
237,46.6173,1.90843,-73.4771,-0.186958,7.2626,7.06075,-1.69329,-0.0725305,0.198424
238,45.5593,1.8019,-73.4081,-0.316971,6.88033,6.76399,-1.65707,-0.0118104,0.178184
239,44.6253,1.7379,-73.3396,-0.390215,6.57901,6.89129,-1.59848,-0.00541885,0.147291
240,43.7223,1.67501,-73.2938,-0.445384,6.60808,7.20578,-1.53563,-0.054421,0.116399
241,42.9249,1.61648,-73.2724,-0.443275,6.48919,7.35711,-1.5335,-0.0725305,0.107877
242,41.9346,1.54392,-73.2535,-0.449629,6.40012,7.42176,-1.58463,-0.0863789,0.0982893
243,40.9986,1.46384,-73.2467,-0.205269,6.26559,7.93973,-1.61766,-0.108749,0.105746
244,39.9555,1.36104,-73.2425,-0.243657,6.25362,8.03618,-1.62937,-0.121533,0.108942
245,39.0116,1.27644,-73.2237,-0.171516,6.12287,8.2663,-1.60807,-0.0831831,0.114268
246,38.0835,1.20593,-73.1905,-0.259089,6.04192,8.33565,-1.57718,-0.0427031,0.107877
247,37.44,1.17154,-73.1613,-0.259816,5.8373,8.58243,-1.5612,0.00523379,0.0982893
248,36.2473,1.15342,-73.0892,-0.361818,5.77745,8.22252,-1.58889,0.0798023,0.0759187
249,35.5018,1.17848,-73.0276,-0.521731,5.77494,8.00879,-1.67305,0.119217,0.0823103
250,34.3345,1.21936,-72.9329,-0.357655,5.51533,8.0247,-1.73377,0.0872591,0.0887019
251,33.3247,1.22638,-72.8735,-0.373161,5.22818,8.19308,-1.77212,0.0212128,0.0727229
252,32.1926,1.20463,-72.8326,-0.345786,5.0905,8.31133,-1.78277,-0.0309852,0.0684619
253,31.1775,1.16727,-72.8192,-0.391193,5.14005,8.47722,-1.74975,-0.0704,0.0428955
254,30.2864,1.13217,-72.8217,-0.415597,4.84262,8.59125,-1.69649,-0.0799874,0.0151987
255,29.2267,1.11846,-72.8417,-0.419492,4.40108,8.71843,-1.61766,-0.0224631,-0.0529783
256,28.386,1.15349,-72.8678,-0.429109,4.22566,8.98729,-1.57398,0.0457138,-0.104111
257,27.3578,1.25481,-72.9118,-0.60885,4.1521,8.62281,-1.61872,0.10963,-0.152048
258,26.3754,1.36364,-72.9601,-0.65373,4.22301,8.22876,-1.77531,0.0627581,-0.147787
259,25.216,1.39376,-73.0501,-0.536771,3.96206,8.75097,-1.85841,-0.157752,-0.145656
260,24.1502,1.30136,-73.1841,-0.311206,3.95078,8.77165,-1.81899,-0.323933,-0.152048
261,23.2315,1.16299,-73.3338,-0.212948,3.94777,9.04048,-1.74336,-0.378261,-0.157374
262,22.152,0.979979,-73.509,0.120134,3.87704,9.6249,-1.6837,-0.33139,-0.128612
263,21.1923,0.844659,-73.6415,0.0846029,3.87104,9.92801,-1.6592,-0.233385,-0.115829
264,20.2423,0.772041,-73.7375,0.221607,3.59441,9.90606,-1.64003,-0.0927705,-0.10198
265,19.3009,0.767225,-73.8035,0.230079,3.28747,9.90542,-1.61659,0.0435833,-0.104111
266,18.2803,0.840643,-73.8534,0.294171,3.11537,9.79999,-1.59742,0.187394,-0.107307
267,17.3601,0.977641,-73.8828,0.0624878,3.20023,9.64038,-1.61979,0.281137,-0.121155
268,16.4391,1.13637,-73.8961,-0.0416288,3.1687,9.41667,-1.62831,0.25131,-0.0902625
269,15.5376,1.24655,-73.9103,-0.147808,3.02298,9.49844,-1.57078,0.119217,-0.0636309
270,14.6897,1.27135,-73.9326,0.153391,2.89229,9.336,-1.46106,-0.0299199,-0.0401951
271,13.8226,1.22465,-73.9726,-0.327826,2.51409,9.73787,-1.34388,-0.107684,-0.031673
272,13.0798,1.15262,-74.0165,-0.295802,2.33566,9.97356,-1.25866,-0.167339,-0.0465867
273,12.5868,1.09587,-74.0485,-0.225561,2.25054,9.8524,-1.20114,-0.155621,-0.0487172
274,11.7231,1.02017,-74.1108,-0.125378,2.13376,10.3306,-1.12976,-0.0767916,-0.0657614
275,11.0722,0.997505,-74.159,-0.0492306,1.97116,10.3955,-1.1287,-0.00967991,-0.0785446
276,10.4792,1.02238,-74.1908,-0.0697195,1.98075,10.1094,-1.17877,0.0979118,-0.0625656
277,9.65348,1.11722,-74.2138,-0.0584881,1.79891,10.1115,-1.22244,0.149044,-0.0487172
278,8.9449,1.20592,-74.2274,-0.294128,1.54705,9.837,-1.24268,0.145849,-0.0423256
279,8.22884,1.28712,-74.2385,-0.426272,1.39939,10.0913,-1.25334,0.103238,-0.0423256
280,7.64085,1.31628,-74.2509,-0.448618,1.33994,10.1473,-1.3034,0.00629906,-0.0412603
281,6.70079,1.32807,-74.2684,-0.52114,1.15088,10.3117,-1.39821,-0.013941,-0.0295424
282,5.86827,1.34596,-74.2799,-0.497483,0.871438,10.1751,-1.45787,0.0233433,-0.031673
283,5.17227,1.36148,-74.2933,-0.510804,0.833204,10.2747,-1.53137,0.00310326,-0.0423256
284,4.07802,1.39294,-74.3234,-0.378298,0.55542,10.4794,-1.61979,0.0467791,-0.0540435
285,3.10434,1.43096,-74.3534,-0.466173,0.308991,10.2973,-1.7082,0.0574317,-0.0732183
286,2.08913,1.4758,-74.3962,-0.189893,0.0334778,10.2193,-1.77638,0.0840634,-0.092393
287,0.926845,1.53517,-74.4415,-0.350034,0.262931,10.0599,-1.90102,0.104303,-0.0636309
288,-0.198441,1.62843,-74.4575,-0.707743,0.0745232,10.1898,-2.02139,0.145849,-0.0178245
289,-1.36234,1.70812,-74.4607,-0.29347,-0.0734843,10.1726,-2.05654,0.140522,0.00454602
290,-2.52501,1.81391,-74.4594,-0.255069,-0.256961,10.6166,-2.03737,0.221482,0.00774181
291,-3.5722,1.95113,-74.4652,-0.225171,-0.529086,10.7483,-2.0395,0.300312,-0.00291083
292,-4.84984,2.18725,-74.4915,-0.26074,-0.802451,10.5292,-2.02885,0.445188,-0.0295424
293,-5.99751,2.49107,-74.5554,-0.374363,-1.25588,10.5217,-1.966,0.596456,-0.0828057
294,-7.023,2.79416,-74.6497,-0.406576,-1.6185,10.6571,-1.95854,0.608173,-0.133938
295,-8.39738,3.19843,-74.8196,-0.386169,-1.76728,10.2206,-1.97026,0.664632,-0.173353
296,-9.56353,3.56523,-74.9942,-0.484156,-1.8177,9.77555,-2.02139,0.741331,-0.198919
297,-10.7843,3.9982,-75.1819,-0.669776,-1.85679,9.13227,-2.15881,0.857445,-0.169092
298,-11.953,4.43259,-75.3434,-1.04026,-1.93827,9.042,-2.28345,0.874489,-0.12009
299,-13.3005,4.89979,-75.4899,-1.24382,-1.97473,9.30708,-2.3676,0.771159,-0.056174
300,-14.9261,5.35655,-75.6088,-1.36443,-1.78095,9.12699,-2.38784,0.571954,0.000284962
301,-16.1371,5.62977,-75.6578,-1.52482,-1.94827,9.17664,-2.3921,0.467559,0.0482219
302,-17.4679,5.8961,-75.6822,-1.42095,-2.2947,9.17814,-2.34736,0.391925,0.092963
303,-18.6305,6.09642,-75.6835,-1.31578,-2.63831,9.31377,-2.23338,0.275811,0.10042
304,-20.1069,6.27481,-75.6676,-1.08239,-3.13055,9.6225,-2.12366,0.187394,0.0833756
305,-21.2808,6.38805,-75.66,-1.12924,-3.77274,10.1819,-2.02885,0.202308,0.0631356
306,-22.4115,6.50949,-75.688,-0.876193,-3.94667,10.2445,-1.93724,0.252375,0.0162639
307,-23.4983,6.64349,-75.7555,-0.879226,-4.15921,9.67192,-1.83923,0.320552,-0.0220856
308,-24.5697,6.82934,-75.8563,-1.41246,-4.12005,8.48252,-1.87545,0.396186,-0.0306077
309,-25.7061,7.03919,-75.9463,-1.57602,-4.51889,8.42169,-1.97985,0.329074,0.0279818
310,-26.992,7.17497,-75.9804,-1.54002,-4.85386,8.71776,-1.99156,0.0616928,0.0450261
311,-28.1159,7.18066,-75.9464,-1.36412,-4.65407,8.92555,-1.93191,-0.0895747,0.0524829
312,-28.8686,7.15623,-75.9108,-1.24095,-4.71586,9.17369,-1.85841,-0.0895747,0.0386345
313,-29.8011,7.12516,-75.8713,-1.05131,-4.94359,9.17865,-1.79875,-0.0704,0.0333082
314,-31.0593,7.07819,-75.8436,-0.847084,-5.15547,9.18174,-1.62192,-0.0363115,-0.00930242
315,-32.025,7.02023,-75.8461,-0.661017,-5.56057,9.75819,-1.51006,-0.0650737,-0.0551088
316,-32.8695,6.94222,-75.861,-0.52899,-5.88124,9.53476,-1.46426,-0.0469642,-0.088132
317,-33.7623,6.86946,-75.9186,-0.470611,-5.8823,9.37996,-1.38543,0.0393222,-0.126481
318,-34.5639,6.84977,-76.0117,-0.647424,-6.11577,8.40699,-1.39928,0.15224,-0.12009
319,-35.1643,6.88282,-76.0986,-1.00679,-6.03044,7.64537,-1.52072,0.261963,-0.0785446
320,-36.177,6.98373,-76.2258,-1.20543,-6.38798,7.86443,-1.5857,0.211895,-0.0199551
321,-37.3119,7.04963,-76.2695,-1.29505,-6.37771,8.17739,-1.64961,0.0201475,0.0343734
322,-38.2484,7.05189,-76.2294,-1.19746,-6.28216,8.34911,-1.64216,-0.0554863,0.0737882
323,-39.2607,7.05587,-76.1593,-1.31607,-6.4621,8.77518,-1.66879,-0.0448336,0.0993546
324,-40.1973,7.07726,-76.0975,-1.01305,-6.53542,8.72191,-1.69649,0.00736432,0.12066
325,-41.1327,7.11992,-76.0472,-0.99238,-6.30802,8.50044,-1.68264,0.0201475,0.113203
326,-42.0494,7.16541,-76.0167,-0.884948,-6.2672,8.35259,-1.63896,0.078737,0.0812451
327,-42.9342,7.22895,-76.0213,-0.865804,-6.46265,8.14966,-1.59209,0.144783,0.0556787
328,-43.7149,7.31005,-76.0711,-1.02211,-6.58276,8.17062,-1.5335,0.255571,0.0375692
329,-44.7309,7.44799,-76.1874,-1.19784,-6.67473,7.19872,-1.4845,0.310965,0.0151987
330,-45.6013,7.603,-76.3223,-1.35845,-6.51778,6.08171,-1.50474,0.397251,0.0365039
331,-46.3214,7.77101,-76.4501,-1.66298,-6.60364,5.74044,-1.51646,0.428144,0.0737882
332,-47.4465,8.02503,-76.6211,-1.97412,-6.97082,6.08047,-1.63363,0.341857,0.0844408
333,-48.4376,8.17933,-76.7061,-1.83167,-7.33097,6.35146,-1.74975,0.19059,0.0599398
334,-49.3665,8.25297,-76.7539,-1.62166,-7.27878,6.78428,-1.82751,0.136261,0.0130681
335,-50.3208,8.28346,-76.8012,-1.30662,-7.50411,6.59012,-1.87971,0.116021,-0.0369993
336,-51.7356,8.29885,-76.9011,-1.10957,-7.38472,6.77347,-1.96067,0.151175,-0.0977194
337,-52.8483,8.30133,-77.0023,-1.20622,-7.34977,6.62087,-1.97558,0.17035,-0.109437
338,-53.9589,8.29385,-77.1142,-1.24481,-7.4419,6.14211,-1.92978,0.171415,-0.137134
339,-55.0376,8.26845,-77.2284,-1.28633,-7.7338,6.02439,-1.86693,0.128804,-0.184006
340,-56.0739,8.21804,-77.3573,-1.39287,-8.0074,5.94386,-1.76786,0.162893,-0.225551
341,-57.0652,8.15939,-77.5248,-1.31953,-7.99026,5.69294,-1.67625,0.221482,-0.262835
342,-58.0029,8.10323,-77.726,-1.37248,-8.05933,5.70394,-1.58996,0.264093,-0.290532
343,-58.9028,8.04277,-77.9447,-1.43917,-8.21661,5.35917,-1.52604,0.277941,-0.294793
344,-59.8644,7.97691,-78.1866,-1.45888,-8.27852,5.19581,-1.48024,0.257701,-0.290532
345,-60.5433,7.92462,-78.343,-1.31306,-8.32527,5.22082,-1.45467,0.232135,-0.262835
346,-61.5226,7.86521,-78.5515,-1.47108,-8.29362,5.05264,-1.38969,0.209765,-0.218094
347,-62.2887,7.83107,-78.7032,-1.47281,-8.27372,5.07276,-1.30447,0.204438,-0.173353
348,-62.9869,7.81652,-78.8383,-1.4781,-8.42671,5.20216,-1.18942,0.202308,-0.133938
349,-63.6203,7.81757,-78.9715,-1.43985,-8.52436,4.92179,-1.07437,0.221482,-0.0945236
350,-64.1441,7.83854,-79.0839,-1.57388,-8.59681,4.41356,-0.965714,0.175676,-0.0476519
351,-64.6606,7.86147,-79.1581,-1.41162,-8.76582,4.14742,-0.841078,0.0936507,-0.0135635
352,-65.1627,7.8806,-79.1892,-1.14172,-8.88739,4.15763,-0.753727,0.0457138,0.0269166
353,-65.5795,7.90119,-79.1962,-0.88291,-9.13634,3.98031,-0.701529,0.0403875,0.056744
354,-66.0203,7.93686,-79.2051,-0.907431,-9.28418,3.95592,-0.675962,0.0627581,0.0748535
355,-66.4117,7.98407,-79.2234,-0.846676,-9.29072,4.10919,-0.669571,0.103238,0.101485
356,-66.7612,8.04916,-79.2515,-1.01606,-9.04513,4.03704,-0.671701,0.135196,0.12066
357,-67.1437,8.14191,-79.2948,-1.23209,-9.02804,3.89847,-0.649331,0.15011,0.139835
358,-67.511,8.24247,-79.3436,-1.19217,-8.9708,3.4942,-0.607785,0.15011,0.147291
359,-67.8703,8.36326,-79.4007,-1.49019,-8.89825,3.65253,-0.514042,0.146914,0.151552
360,-68.1838,8.49007,-79.457,-1.43025,-8.93382,3.49382,-0.447996,0.140522,0.148357
361,-68.4257,8.59707,-79.4998,-1.39881,-9.14452,3.34862,-0.391537,0.126674,0.151552
362,-68.6196,8.70426,-79.5502,-1.47812,-9.13811,3.32428,-0.259444,0.158632,0.147291
363,-68.7365,8.80851,-79.6059,-1.53474,-9.01971,3.25882,-0.12309,0.175676,0.153683
364,-68.7813,8.94437,-79.6829,-1.6951,-8.90086,3.40129,0.0430912,0.19272,0.164336
365,-68.7356,9.05332,-79.7367,-1.86295,-8.90953,3.35981,0.173053,0.168219,0.172858
366,-68.6101,9.17261,-79.7772,-1.89246,-9.05477,3.22856,0.343496,0.119217,0.173923
367,-68.2396,9.33089,-79.8154,-2.09464,-9.15469,3.47683,0.591702,0.0734107,0.125986
368,-67.8598,9.41115,-79.8358,-2.04087,-8.87993,3.66315,0.723795,0.0670191,0.0716577
369,-67.449,9.46115,-79.8557,-2.05469,-8.58706,3.61662,0.84417,0.0393222,0.0333082
370,-66.8583,9.48258,-79.8792,-2.07177,-8.50613,3.52682,1.02207,0.00629906,-0.031673
371,-66.1685,9.45132,-79.8841,-1.998,-8.4695,3.66938,1.15523,-0.0704,-0.0945236
372,-65.478,9.38015,-79.8741,-1.98757,-8.3915,3.92905,1.2266,-0.102358,-0.159505
373,-64.7512,9.27832,-79.8728,-1.89622,-8.37408,4.15644,1.26495,-0.0895747,-0.207442
374,-64.0117,9.16018,-79.8862,-1.83608,-8.08018,4.13256,1.28412,-0.0672042,-0.223421
375,-63.3464,9.05711,-79.9184,-1.78277,-8.10474,4.30754,1.28412,-0.0363115,-0.233008
376,-62.4413,8.92087,-79.9667,-1.67066,-8.48576,4.91227,1.30863,-0.018202,-0.228747
377,-61.6687,8.80249,-80.0162,-1.5108,-8.68331,5.20604,1.34804,0.0126906,-0.231943
378,-60.9564,8.70556,-80.092,-1.44038,-8.65516,5.2652,1.43113,0.110695,-0.236204
379,-60.0399,8.60839,-80.2294,-1.39723,-8.67215,4.815,1.54938,0.132,-0.240465
380,-59.215,8.53623,-80.3495,-1.36847,-8.15397,5.41496,1.64525,0.139457,-0.24153
381,-58.1416,8.45425,-80.4783,-1.53797,-8.34082,5.44283,1.75391,0.105369,-0.203181
382,-57.1206,8.39534,-80.5745,-1.5361,-8.37752,5.81955,1.80078,0.0553012,-0.173353
383,-55.9774,8.32059,-80.6436,-1.38298,-8.40467,5.86457,1.82315,0.0329307,-0.153113
384,-55.0297,8.26098,-80.695,-1.2829,-8.17636,5.65662,1.8583,0.0201475,-0.147787
385,-53.832,8.19656,-80.7461,-1.36627,-7.95253,5.71375,1.95844,-0.00648412,-0.112633
386,-52.8069,8.13676,-80.7573,-1.35183,-7.87408,5.87187,2.02874,-0.0853137,-0.0966541
387,-51.5084,8.03846,-80.7262,-1.41069,-7.89524,6.10627,2.09053,-0.170535,-0.092393
388,-50.2964,7.91439,-80.6716,-1.4017,-7.7736,6.35904,2.11823,-0.240842,-0.116894
389,-48.9505,7.74756,-80.6002,-1.36151,-7.59484,6.59374,2.11929,-0.268539,-0.145656
390,-47.7372,7.58753,-80.5493,-1.34302,-7.36698,6.93602,2.08946,-0.239777,-0.16057
391,-46.5342,7.43341,-80.52,-1.34938,-7.16637,7.11346,2.06603,-0.213145,-0.176549
392,-45.3298,7.27846,-80.4959,-1.39954,-7.01163,7.31647,2.06603,-0.23019,-0.170157
393,-44.135,7.12157,-80.4748,-1.28962,-7.01919,7.36217,2.06496,-0.195036,-0.164831
394,-42.9523,6.98333,-80.4693,-1.18942,-6.60773,7.48915,2.03833,-0.157752,-0.158439
395,-41.6625,6.86296,-80.4777,-1.27758,-6.50746,7.60339,2.02768,-0.133251,-0.14033
396,-40.4812,6.75246,-80.4829,-1.36912,-6.32601,7.82162,2.05751,-0.162013,-0.144591
397,-39.2842,6.62839,-80.4804,-1.37146,-6.07649,7.98851,2.06709,-0.19184,-0.143526
398,-38.0884,6.4981,-80.4685,-1.32444,-6.04027,8.04439,2.05111,-0.20995,-0.124351
399,-37.0344,6.38579,-80.455,-1.22713,-6.1469,8.35051,2.00424,-0.182253,-0.111568
400,-35.6607,6.26447,-80.4415,-1.0888,-5.83951,8.68286,1.95098,-0.123663,-0.0668267
401,-34.542,6.1966,-80.4311,-0.953997,-5.79646,8.93347,1.90411,-0.0618779,-0.0380646
402,-33.4567,6.16954,-80.4245,-0.805525,-5.45547,9.0448,1.81782,0.00842958,-0.0039761
403,-32.4231,6.20059,-80.4342,-0.775221,-5.16471,8.79288,1.75284,0.133066,0.0279818
404,-31.4186,6.28886,-80.4594,-0.920365,-5.01653,8.79582,1.71343,0.194851,0.0535482
405,-30.438,6.39928,-80.4793,-0.995467,-5.06943,8.96492,1.67295,0.193786,0.0759187
406,-29.4851,6.51749,-80.4862,-1.11107,-4.85849,8.92628,1.61223,0.189525,0.0950935
407,-28.4796,6.67052,-80.4829,-1.2488,-4.70131,8.89838,1.54724,0.208699,0.128117
408,-27.6013,6.81792,-80.4515,-1.44906,-4.43522,8.91197,1.48546,0.162893,0.176054
409,-26.7369,6.95133,-80.3877,-1.45295,-4.4337,8.98635,1.47694,0.106434,0.214403
410,-25.875,7.04941,-80.2927,-1.3641,-4.35179,9.05656,1.4812,0.0254738,0.227186
411,-25.1836,7.09941,-80.1987,-1.32252,-4.2921,9.16345,1.47907,-0.00328832,0.231447
412,-24.1477,7.14999,-80.0528,-1.259,-4.01479,9.16659,1.47694,-0.034181,0.210142
413,-23.2674,7.18082,-79.9382,-1.25024,-3.82086,9.15528,1.51955,-0.0128757,0.198424
414,-22.2766,7.21005,-79.8246,-1.33254,-3.582,9.43183,1.53553,-0.0235283,0.164336
415,-21.4752,7.23912,-79.7513,-1.26239,-3.38832,9.42338,1.49931,0.0350612,0.139835
416,-20.5171,7.31673,-79.6842,-1.31161,-3.21071,9.43079,1.46096,0.113891,0.138769
417,-19.6715,7.4332,-79.644,-1.30354,-3.20341,9.69357,1.42367,0.208699,0.130247
418,-18.8606,7.59502,-79.6173,-1.38427,-3.19637,9.56775,1.36721,0.285398,0.124921
419,-18.0858,7.80253,-79.607,-1.55103,-3.05458,9.54553,1.3246,0.35251,0.136639
420,-17.3284,8.0141,-79.5987,-1.50778,-3.07408,9.53034,1.331,0.317356,0.117464
421,-16.5623,8.18003,-79.5866,-1.63413,-2.96492,9.26629,1.35763,0.194851,0.104681
422,-15.8602,8.27824,-79.5663,-1.69061,-2.80146,9.25374,1.38,0.104303,0.0897672
423,-14.9143,8.33221,-79.5209,-1.68898,-2.63587,9.16255,1.36935,-0.0150062,0.0791145
424,-14.1347,8.31781,-79.4671,-1.69078,-2.53892,9.35364,1.34697,-0.12899,0.0887019
425,-13.594,8.2638,-79.4157,-1.61665,-2.33047,9.27818,1.32993,-0.215276,0.0993546
426,-12.5813,8.09547,-79.2958,-1.38269,-1.99227,9.69295,1.31502,-0.302628,0.112138
427,-11.8909,7.94969,-79.1913,-1.23563,-1.80043,9.87204,1.26708,-0.274931,0.150487
428,-11.0172,7.81132,-79.042,-1.10266,-1.78605,10.0717,1.17014,-0.148164,0.180315
429,-10.341,7.76595,-78.9195,-1.12521,-1.68348,10.0365,1.09983,-0.0490947,0.198424
430,-9.70227,7.76331,-78.7988,-1.22545,-1.64837,9.8767,1.05935,-0.018202,0.209077
431,-9.15142,7.76524,-78.6879,-1.4966,-1.57797,9.6214,1.01355,-0.0512252,0.213338
432,-8.50694,7.72773,-78.5413,-1.50276,-1.45241,9.59525,0.966675,-0.159882,0.22186
433,-7.94607,7.61977,-78.3937,-1.46604,-1.56662,9.67912,0.950696,-0.294105,0.225056
434,-7.39697,7.4509,-78.244,-1.41446,-1.47533,9.5976,0.942174,-0.368674,0.22186
435,-6.80347,7.23175,-78.0851,-1.33964,-1.16184,9.55375,0.912347,-0.393175,0.204816
436,-6.27352,7.00645,-77.9477,-1.26853,-1.15329,9.8629,0.891042,-0.449634,0.188837
437,-5.96328,6.85388,-77.8711,-1.17088,-1.35989,9.88185,0.887846,-0.500767,0.166466
438,-5.26061,6.4524,-77.7131,-1.11358,-1.17507,9.90974,0.851627,-0.528464,0.138769
439,-4.83047,6.18942,-77.6235,-1.03375,-0.90719,9.87999,0.807951,-0.511419,0.125986
440,-4.42177,5.94157,-77.5396,-1.07816,-0.797009,9.91038,0.752557,-0.462417,0.114268
441,-3.92484,5.66626,-77.4284,-1.06377,-0.564422,9.4552,0.646031,-0.402762,0.132378
442,-3.59815,5.45432,-77.3411,-1.07333,-0.584616,9.55124,0.585311,-0.479461,0.145161
443,-3.23407,5.12327,-77.2288,-1.06242,-0.595637,9.51114,0.538439,-0.627533,0.145161
444,-2.93756,4.74382,-77.1254,-1.04372,-0.725327,9.5516,0.491567,-0.751104,0.154748
445,-2.65758,4.29493,-77.0207,-0.802337,-0.664219,9.83003,0.485176,-0.83526,0.146226
446,-2.38084,3.82074,-76.9211,-0.591971,-0.561282,10.2723,0.475589,-0.824607,0.132378
447,-2.07765,3.32003,-76.8188,-0.404201,-0.370196,10.6629,0.458544,-0.747908,0.129182
448,-1.8373,2.95932,-76.7392,-0.244007,-0.170881,10.7295,0.436174,-0.615815,0.127051
449,-1.53466,2.5666,-76.6354,-0.20098,-0.325252,10.5031,0.42126,-0.481592,0.132378
450,-1.28891,2.31589,-76.5564,-0.240878,-0.242595,10.245,0.420195,-0.379327,0.125986
451,-1.04579,2.11842,-76.4879,-0.149475,-0.234075,10.4415,0.414868,-0.294105,0.111072
452,-0.802188,1.97059,-76.4315,-0.138853,-0.245503,10.4739,0.425521,-0.197166,0.0780493
453,-0.628842,1.89696,-76.4034,-0.222781,-0.142672,10.434,0.444696,-0.130055,0.0535482
454,-0.265441,1.77613,-76.3729,-0.137335,-0.0944205,10.3826,0.460675,-0.136446,0.0279818
455,-0.00317538,1.68462,-76.369,-0.214712,-0.116579,10.2674,0.455348,-0.163078,0.000284962
456,0.257508,1.56101,-76.3739,-0.0916256,-0.0789559,10.2679,0.462805,-0.220602,-0.0188898
457,0.502691,1.42893,-76.3871,0.00884571,-0.199847,10.1969,0.50009,-0.244038,-0.0369993
458,0.819341,1.26739,-76.4144,0.00163332,0.151098,10.4262,0.515003,-0.231255,-0.0423256
459,1.11845,1.13351,-76.4439,-0.00370718,0.16574,10.4355,0.52246,-0.196101,-0.0487172
460,1.45348,1.02583,-76.4781,0.0191202,0.229477,10.2635,0.54057,-0.103423,-0.0540435
461,1.76219,0.978801,-76.5117,-0.0818312,0.236656,10.2322,0.534178,-0.0554863,-0.0636309
462,2.05669,0.94341,-76.5436,-0.0599966,0.198502,10.1138,0.509677,-0.05016,-0.0572393
463,2.24949,0.923383,-76.5625,-0.156812,0.254754,10.0447,0.471327,-0.0448336,-0.0338035
464,2.57386,0.897647,-76.5802,-0.0753099,0.524169,10.053,0.398889,-0.0352463,-0.000780302
465,2.8109,0.861995,-76.5737,-0.129573,0.473805,9.97538,0.355214,-0.0576168,0.0301124
466,3.01029,0.830075,-76.5525,-0.207057,0.505313,9.99471,0.34243,-0.0480294,0.0524829
467,3.19758,0.801284,-76.5245,-0.0929516,0.563038,10.0227,0.313668,-0.0395073,0.056744
468,3.37722,0.775404,-76.4917,-0.085109,0.637243,10.0105,0.298755,-0.0437684,0.0620703
469,3.54578,0.744919,-76.4583,-0.0545214,0.630687,10.0264,0.278515,-0.0363115,0.061005
470,3.70107,0.727421,-76.4238,-0.00196247,0.668699,10.0532,0.24123,-0.00541885,0.0642008
471,3.84024,0.736327,-76.374,0.0039375,0.758913,10.1082,0.179445,0.074476,0.0780493
472,3.92034,0.795485,-76.3147,-0.0303632,0.6883,9.96491,0.0952892,0.165023,0.104681
473,3.95952,0.902762,-76.2381,-0.238282,0.628424,9.90903,0.0430912,0.209765,0.127051
474,3.9772,1.00821,-76.1614,-0.367375,0.632254,9.67684,0.0292428,0.204438,0.138769
475,3.99131,1.11546,-76.072,-0.378783,0.586938,9.73464,0.0292428,0.132,0.128117
476,4.01549,1.16869,-75.996,-0.385205,0.519297,9.85927,0.0643965,0.0254738,0.107877
477,4.04944,1.16549,-75.9427,-0.259496,0.471062,9.94434,0.0814407,-0.0267241,0.0823103
478,4.08558,1.15059,-75.9055,-0.194172,0.438009,10.2641,0.086767,-0.018202,0.0631356
479,4.1206,1.17892,-75.8734,-2.73331,-0.508811,10.738,0.0633312,0.0712802,0.0226555
480,4.14695,1.21393,-75.8653,-0.127672,1.01294,10.5577,0.114464,0.235331,0.0290471
481,4.22594,1.38765,-75.8453,0.297983,0.989152,10.6465,0.102746,0.439862,0.0130681
482,4.2823,1.68349,-75.8108,0.214839,0.764883,10.6857,0.0729186,0.667828,0.020525
483,4.3185,2.10595,-75.7613,0.0838065,0.460087,10.8064,0.0782449,0.878751,0.0183945
484,4.35273,2.64327,-75.7159,-0.0102794,0.477278,10.8875,0.0920934,1.07156,-0.0124982
485,4.39583,3.34651,-75.6661,-0.209907,0.611514,10.4759,0.0761144,1.22816,-0.0124982
486,4.41747,4.05792,-75.6158,-0.36843,0.489947,10.1325,0.0111333,1.30805,-0.00504136
487,4.3934,4.79318,-75.5548,-0.557737,0.624882,9.85497,-0.0751531,1.30699,0.0183945
488,4.32529,5.52745,-75.4793,-0.847382,1.02528,9.43567,-0.20405,1.31657,0.0492871
489,4.18039,6.35289,-75.3686,-1.14827,1.02905,9.26361,-0.346796,1.32616,0.097224
490,3.99598,7.11067,-75.2485,-1.40106,0.887664,9.44331,-0.395798,1.32297,0.123856
491,3.80365,7.8741,-75.1263,-1.53734,0.851471,9.58612,-0.367036,1.3251,0.118529
492,3.63031,8.62586,-75.0135,-1.65263,0.662873,9.60423,-0.320164,1.28355,0.105746
493,3.47905,9.3502,-74.9209,-1.80981,0.475137,9.71532,-0.249856,1.22496,0.0684619
494,3.36682,10.027,-74.8578,-1.96881,0.392358,9.57166,-0.164635,1.11098,0.0290471
495,3.29606,10.7099,-74.8227,-1.95903,0.250545,9.5632,-0.0538479,1.02895,-0.0284772
496,3.28326,11.2959,-74.8174,-2.08521,0.319631,9.64143,0.0324386,0.976755,-0.0636309
497,3.30875,11.8669,-74.8312,-2.10899,0.294854,9.67054,0.0974197,0.996995,-0.0870667
498,3.35044,12.3914,-74.8498,-2.14762,0.353359,9.50289,0.103811,1.02043,-0.0998499
499,3.39628,13.0479,-74.8731,-2.15681,0.592884,9.55559,0.062266,1.03215,-0.0987846
500,3.41264,13.6487,-74.8897,-2.22604,0.596076,9.7178,0.0185901,1.07902,-0.0934583
501,3.41813,14.2173,-74.905,-2.34264,0.523064,9.83832,0.0217859,1.15359,-0.0902625
502,3.4343,15.0228,-74.9317,-2.37855,0.546086,9.82988,0.0558744,1.193,-0.110503
503,3.46175,15.6184,-74.9579,-2.50419,0.633883,9.80674,0.0771797,1.144,-0.123286
504,3.50461,16.3111,-74.9938,-2.79212,0.478971,9.70219,0.0888976,1.0673,-0.123286
505,3.53886,16.8389,-75.0236,-2.79159,0.499465,9.60627,0.0931586,0.99806,-0.12009
506,3.57508,17.4591,-75.0566,-2.93389,0.520837,9.55564,0.0697228,0.992734,-0.100915
507,3.60725,18.0814,-75.0755,-2.93654,0.586924,9.43835,0.0516133,1.01297,-0.0849362
508,3.63144,18.6579,-75.0822,-3.14104,0.798397,9.50777,0.0132638,1.03747,-0.0689572
509,3.63431,19.2679,-75.0721,-3.24287,0.657214,9.40645,-0.0325426,1.10778,-0.0476519
510,3.62248,19.9341,-75.0523,-3.39396,0.425415,9.25611,-0.0272162,1.19833,-0.0401951
511,3.62416,20.5692,-75.0396,-3.60442,0.337624,9.33599,0.0335038,1.23561,-0.0583046
512,3.67014,21.3311,-75.0413,-3.73552,0.508068,9.48756,0.130443,1.15252,-0.0838709
513,3.76819,22.015,-75.0528,-3.81276,0.611689,9.5872,0.18051,1.02682,-0.0902625
514,3.88265,22.5765,-75.0587,-3.9467,0.742099,9.45935,0.205011,0.925622,-0.067892
515,4.00475,23.071,-75.0575,-4.0143,0.581715,9.34296,0.209272,0.826553,-0.0476519
516,4.12372,23.5361,-75.0476,-4.00482,0.639484,9.33966,0.197555,0.821226,-0.0348688
517,4.23537,24.01,-75.0277,-4.01249,0.637288,9.4503,0.177315,0.854249,-0.0263466
518,4.33984,24.503,-74.9983,-4.03483,0.738361,9.35891,0.143226,0.913904,-0.0263466
519,4.44395,25.1088,-74.9559,-4.07495,0.649401,9.28441,0.132573,1.03641,-0.0231509
520,4.53256,25.7177,-74.9169,-4.40497,0.696839,9.26169,0.129378,1.11204,-0.0263466
521,4.61395,26.3022,-74.88,-4.37157,0.768816,9.17301,0.126182,1.16318,-0.0306077
522,4.70626,27.0156,-74.8295,-4.4925,0.778277,9.1764,0.0931586,1.144,-0.0124982
523,4.76964,27.6685,-74.7795,-4.60889,0.599726,9.03147,0.0643965,1.18129,-0.015694
524,4.81083,28.211,-74.7354,-4.68581,0.57823,8.79843,0.0580049,1.21431,-0.0167593
525,4.87403,29.0396,-74.6758,-4.8204,0.643112,8.70997,0.0675923,1.193,-0.0284772
526,4.93409,29.7045,-74.6343,-5.01553,0.800974,8.58128,0.0761144,1.13015,-0.0412603
527,5.01804,30.3906,-74.5914,-4.97251,1.0206,8.6368,0.082506,1.06943,-0.0380646
528,5.0919,31.0019,-74.5485,-5.12617,0.966232,8.56942,0.0612007,1.095,-0.0391298
529,5.15731,31.6439,-74.505,-5.35541,0.921925,8.45411,0.0526786,1.12696,-0.0412603
530,5.22144,32.2782,-74.4636,-5.53099,0.805119,8.32852,0.0612007,1.05985,-0.0380646
531,5.2805,32.8673,-74.4252,-5.59798,0.842951,8.44927,0.0643965,0.986342,-0.0252814
532,5.34506,33.4063,-74.3808,-5.67058,0.942548,8.27511,0.0590702,0.89686,-0.0167593
533,5.4181,33.9001,-74.3295,-5.67229,0.967872,8.29889,0.0675923,0.841466,-0.0039761
534,5.50614,34.3666,-74.2689,-5.60483,0.99887,8.19678,0.0899628,0.821226,0.0162639
535,5.61242,34.8411,-74.1968,-5.64622,0.856081,8.3394,0.113399,0.868098,0.0215902
536,5.69651,35.1861,-74.1395,-5.62582,1.01765,8.52346,0.126182,0.95545,0.0311776
537,5.87817,35.9326,-74.0029,-5.58945,1.09217,8.60696,0.100615,1.0428,0.0333082
538,6.00386,36.5185,-73.887,-5.78643,1.00338,8.46734,0.0814407,1.09926,0.0418303
539,6.03898,36.7007,-73.8518,-5.98282,1.00154,8.34832,0.050548,1.13548,0.0418303
540,6.21122,37.6886,-73.6538,-6.1514,1.09853,8.23878,0.0313733,1.10139,0.0418303
541,6.30974,38.308,-73.5326,-6.29192,1.03908,8.03343,0.0217859,1.0918,0.0482219
542,6.39948,38.9596,-73.4051,-6.48604,1.06656,7.85117,-0.0112373,1.01084,0.0439608
543,6.46128,39.523,-73.2924,-6.43066,0.898809,7.67156,-0.030412,0.982081,0.0428955
544,6.50343,40.0776,-73.186,-6.46741,0.865006,7.76783,-0.0581089,0.983146,0.0269166
545,6.53065,40.5751,-73.0914,-6.41992,0.903687,7.70772,-0.0719573,1.00019,0.0226555
546,6.55832,41.1893,-72.9805,-6.62115,0.875101,7.85138,-0.0687616,1.01723,0.00667655
547,6.58547,41.8079,-72.8773,-6.71668,0.869554,7.79271,-0.0698268,0.99593,0.00561128
548,6.60987,42.3472,-72.779,-6.81327,1.0212,7.8567,-0.0815447,0.962906,0.0151987
549,6.63949,42.8865,-72.6753,-6.73833,1.10079,7.78206,-0.0730226,1.00552,0.0130681
550,6.67438,43.4617,-72.5663,-6.8067,1.00474,7.5266,-0.0740879,1.05771,0.00880708
551,6.71313,44.0643,-72.4631,-7.05328,0.924386,7.15383,-0.0549131,1.05985,-0.000780302
552,6.75949,44.6586,-72.3723,-7.32242,1.08472,7.02427,-0.0421299,0.993799,-0.015694
553,6.80134,45.2596,-72.2894,-7.40312,1.10257,6.91303,-0.0676963,0.887273,-0.0242161
554,6.81634,45.7506,-72.2196,-7.31694,1.0344,6.90781,-0.0900668,0.799921,-0.0167593
555,6.82131,46.182,-72.1491,-7.25689,1.17661,7.0731,-0.109242,0.708308,-0.0178245
556,6.80176,46.5486,-72.0907,-7.28783,0.952168,7.15515,-0.130547,0.63374,-0.0210203
557,6.75445,46.9054,-72.047,-7.16257,0.754389,7.05782,-0.136938,0.660371,-0.0348688
558,6.69624,47.2813,-72.0152,-7.2542,0.772447,6.97391,-0.133743,0.67635,-0.0551088
559,6.63669,47.6706,-71.9933,-7.33333,0.825773,6.99524,-0.128416,0.7147,-0.0646962
560,6.56902,48.12,-71.9708,-7.4008,0.905042,6.8553,-0.146526,0.736005,-0.072153
561,6.51514,48.4552,-71.9561,-7.49966,0.887457,6.70051,-0.155048,0.731744,-0.0710877
562,6.43569,48.9378,-71.9373,-7.56281,1.0358,6.51391,-0.148656,0.688068,-0.0764141
563,6.37609,49.2914,-71.9304,-7.46714,0.616444,6.62371,-0.135873,0.679546,-0.0753488
564,6.31112,49.6436,-71.9328,-7.74417,0.809225,6.26248,-0.139069,0.648653,-0.0785446
565,6.22809,50.0349,-71.9386,-7.91036,0.866651,6.39187,-0.146526,0.555975,-0.0668267
566,6.13561,50.3476,-71.9481,-7.77864,0.862149,6.41014,-0.159309,0.445188,-0.0732183
567,6.02779,50.5996,-71.9666,-7.83685,0.764782,6.32492,-0.165701,0.358902,-0.0700225
568,5.91711,50.7859,-72.0048,-7.97214,0.688731,6.1357,-0.145461,0.260897,-0.0806751
569,5.81209,50.9145,-72.0531,-8.00627,0.638103,5.9871,-0.139069,0.155436,-0.0806751
570,5.68119,50.9883,-72.1216,-8.06518,0.730747,5.99579,-0.134808,0.00736432,-0.0668267
571,5.55446,50.9642,-72.1926,-7.99206,0.676745,6.12679,-0.149722,-0.162013,-0.0657614
572,5.4091,50.8361,-72.2682,-7.86269,0.73611,6.41203,-0.169962,-0.29304,-0.0508477
573,5.27258,50.6567,-72.3274,-7.71903,0.678153,6.50587,-0.190202,-0.370805,-0.0369993
574,5.11781,50.4306,-72.3892,-7.74308,0.636835,6.57292,-0.18381,-0.405958,-0.0242161
575,4.94631,50.1389,-72.4512,-7.88413,0.47531,6.76558,-0.197659,-0.501832,-0.0231509
576,4.77777,49.7894,-72.5105,-7.79139,0.521619,6.69409,-0.18168,-0.571074,-0.015694
577,4.77777,49.7894,-72.5105,-7.79139,0.521619,6.69409,-0.18168,-0.571074,-0.015694
578,4.55707,49.1088,-72.616,-7.64524,0.522007,6.7249,-0.0751531,-0.603032,-0.0274119
579,4.48502,48.7547,-72.6837,-7.69478,0.58076,6.57733,-0.0197594,-0.633925,-0.0327382
580,4.43077,48.386,-72.7637,-7.81539,0.685763,6.68839,0.00367642,-0.702102,-0.0476519
581,4.37471,47.9442,-72.8427,-7.59069,0.714506,7.01209,-0.0208247,-0.827803,-0.0327382
582,4.30057,47.4395,-72.9111,-7.35435,0.810425,7.26184,-0.0943279,-0.870413,-0.0263466
583,4.21092,46.9338,-72.9604,-7.27263,0.84248,7.2085,-0.136938,-0.840586,0.000284962
584,4.10563,46.4478,-73.0031,-7.28067,0.724942,7.18414,-0.148656,-0.812889,0.000284962
585,3.98048,45.9251,-73.0483,-7.25616,0.667387,7.26859,-0.166766,-0.799041,-0.0039761
586,3.8543,45.4571,-73.0923,-7.25911,0.592237,7.41668,-0.179549,-0.806498,-0.00504136
587,3.72068,44.9779,-73.1408,-7.16385,0.52027,7.38776,-0.173157,-0.825672,-0.00823715
588,3.61007,44.5477,-73.1861,-7.21535,0.51966,7.16182,-0.151852,-0.841651,-0.00930242
589,3.50271,44.0101,-73.2428,-7.22716,0.515882,6.94079,-0.0964584,-0.921546,-0.015694
590,3.4319,43.4695,-73.3087,-7.2127,0.354892,7.08439,-0.0293468,-1.04512,-0.0178245
591,3.371,42.8353,-73.3833,-7.07085,0.307757,7.20009,-0.00804149,-1.2081,-0.00717189
592,3.31791,42.1216,-73.4534,-6.91563,0.406565,7.41824,-0.010172,-1.30185,-0.0103677
593,3.26846,41.2661,-73.5224,-6.65326,0.403197,7.74304,-0.00804149,-1.37854,0.00454602
594,3.21436,40.4499,-73.576,-6.37314,0.334208,8.01636,-0.0474563,-1.40092,0.0258513
595,3.14337,39.6422,-73.6155,-6.19471,0.386996,8.21394,-0.0772837,-1.32209,0.0215902
596,3.07303,38.8947,-73.6508,-5.93547,0.375472,8.39733,-0.0708921,-1.19425,0.00135023
597,3.00773,38.1595,-73.6969,-5.88684,0.422114,8.52396,-0.0357384,-1.03766,-0.0103677
598,2.95554,37.5857,-73.7567,-5.93584,0.546233,8.36601,-0.0197594,-0.878936,-0.0476519
599,2.91305,37.1081,-73.8241,-6.0619,0.506061,8.19507,-0.0048457,-0.780931,-0.0646962
600,2.87657,36.7394,-73.8838,-6.10367,0.42457,8.09346,-0.00804149,-0.829933,-0.0732183
601,2.82094,36.1916,-73.976,-6.14266,0.480761,8.01462,-0.0144331,-0.930068,-0.0710877
602,2.76299,35.6306,-74.0603,-6.05918,0.438282,8.29059,-0.0378689,-1.05257,-0.0668267
603,2.67842,34.9424,-74.1523,-5.8745,0.438272,8.16684,-0.0719573,-1.13353,-0.0668267
604,2.58133,34.2219,-74.2379,-5.63718,0.475532,8.51402,-0.098589,-1.14951,-0.0572393
605,2.49196,33.6201,-74.3,-5.41944,0.497718,8.75618,-0.134808,-1.11969,-0.0497825
606,2.37724,32.9771,-74.3603,-5.23002,0.49119,8.79184,-0.160374,-1.03873,-0.0423256
607,2.26154,32.4056,-74.4149,-5.1389,0.366543,8.79701,-0.145461,-0.897045,-0.056174
608,2.14363,31.8619,-74.4751,-5.18089,0.263203,8.70973,-0.110307,-0.784127,-0.0657614
609,2.05191,31.3896,-74.5502,-5.24882,0.1947,8.39466,-0.0506521,-0.71595,-0.0838709
610,1.99645,30.9818,-74.627,-5.35248,0.233796,8.19323,-0.0123025,-0.768148,-0.0828057
611,1.96495,30.6252,-74.6912,-5.37953,0.238326,8.1936,0.010068,-0.868283,-0.0849362
612,1.92053,29.9761,-74.7865,-5.29,0.225291,8.36277,-0.00378043,-1.0824,-0.0742835
613,1.88406,29.4003,-74.8448,-5.1389,0.170986,8.40942,-0.0336078,-1.20491,-0.0529783
614,1.8299,28.6987,-74.9075,-5.04002,0.226288,8.63157,-0.0442605,-1.30611,-0.0401951
615,1.77094,27.8343,-74.9587,-4.72664,0.367203,9.12903,-0.0772837,-1.4105,-0.015694
616,1.70884,27.0143,-74.9882,-4.23081,0.416072,9.42776,-0.103915,-1.35724,-0.0103677
617,1.64381,26.2498,-75.0073,-4.11456,0.353156,9.59622,-0.101785,-1.18999,-0.00504136
618,1.58678,25.5477,-75.024,-3.9176,0.303778,9.46651,-0.0676963,-0.929003,-0.00717189
619,1.56796,25.0545,-75.0482,-4.10035,0.340648,9.16455,0.010068,-0.741516,-0.0284772
620,1.57863,24.6658,-75.0848,-4.1762,0.196035,8.87799,0.066527,-0.650969,-0.0497825
621,1.61383,24.2878,-75.1325,-4.37303,0.123599,8.73306,0.11979,-0.748973,-0.0551088
622,1.67306,23.8189,-75.1897,-4.43302,0.0550302,8.69884,0.177315,-0.969483,-0.0604351
623,1.73912,23.2893,-75.2504,-4.3006,0.0551241,8.54493,0.206077,-1.17827,-0.067892
624,1.84213,22.4341,-75.3337,-4.07965,0.140261,8.55009,0.201816,-1.41583,-0.0657614
625,1.92422,21.5967,-75.3964,-4.05057,0.29027,8.80102,0.162401,-1.57349,-0.0338035
626,1.97228,20.8682,-75.4376,-3.82992,0.414439,8.96236,0.0963544,-1.67043,-0.0135635
627,2.00818,19.7113,-75.4778,-3.38218,0.420164,9.46981,0.026047,-1.70345,0.0120029
628,2.00554,18.7438,-75.4994,-3.17546,0.453208,9.78108,-0.0240205,-1.65338,0.020525
629,1.9855,17.8263,-75.5094,-2.83607,0.486692,9.87681,-0.0570436,-1.49253,0.0396997
630,1.95327,17.0154,-75.5089,-2.6227,0.499794,9.83075,-0.0772837,-1.28374,0.0450261
631,1.90499,16.258,-75.508,-2.79587,0.311184,9.87134,-0.08261,-1.12288,0.0375692
632,1.86695,15.7695,-75.513,-2.80322,0.223332,9.72937,-0.0719573,-1.04299,0.0226555
633,1.8175,15.0411,-75.523,-2.85159,0.177058,9.53748,-0.06237,-1.09945,0.0226555
634,1.79348,14.603,-75.5314,-2.76812,0.183871,9.44586,-0.0421299,-1.14419,0.020525
635,1.76329,13.7211,-75.541,-2.76183,0.233382,9.31928,-0.0431952,-1.27308,0.0269166
636,1.73072,13.0545,-75.541,-2.5533,0.151542,9.40307,-0.0698268,-1.35937,0.0471566
637,1.67838,12.2638,-75.5297,-2.43828,0.163082,9.56849,-0.0996542,-1.45098,0.0759187
638,1.59577,11.2499,-75.5003,-2.14307,0.209353,9.90595,-0.14333,-1.52662,0.101485
639,1.51332,10.3849,-75.4657,-1.91574,0.312777,10.1649,-0.168896,-1.5117,0.104681
640,1.42357,9.62137,-75.4325,-1.74394,0.222275,10.3905,-0.205115,-1.44779,0.0982893
641,1.2905,8.73667,-75.3879,-1.406,0.225837,10.3338,-0.245595,-1.33593,0.097224
642,1.15327,8.01008,-75.353,-1.35015,0.182546,10.2802,-0.250922,-1.17508,0.0876366
643,1.01589,7.39386,-75.3271,-1.38104,0.158162,10.2822,-0.246661,-1.0089,0.0546134
644,0.89863,6.9,-75.3181,-1.43182,0.111082,10.2444,-0.213638,-0.93646,0.0290471
645,0.775801,6.34903,-75.3269,-1.46356,0.136582,10.0963,-0.18168,-0.888523,-0.00184557
646,0.700626,5.90893,-75.3495,-1.41104,0.118919,10.023,-0.12096,-0.901306,-0.0433909
647,0.636617,5.28784,-75.4026,-1.31524,0.0782185,9.91821,-0.0570436,-0.970548,-0.0764141
648,0.607822,4.73221,-75.4663,-1.19107,-0.0305732,9.81433,-0.0133678,-1.01422,-0.111568
649,0.596083,4.15973,-75.5436,-1.02935,-0.0998938,9.88611,0.0132638,-1.04831,-0.131808
650,0.598414,3.67867,-75.6133,-0.798023,-0.203203,10.1,0.0398954,-1.08879,-0.158439
651,0.620127,2.92961,-75.7351,-0.776338,-0.1429,10.2162,0.0697228,-1.11116,-0.177614
652,0.643887,2.36575,-75.8336,-0.368077,-0.0700605,10.3258,0.0654618,-1.10264,-0.184006
653,0.666189,1.67947,-75.9593,-0.17464,-0.043843,10.3236,0.0558744,-1.04512,-0.196789
654,0.689943,1.10653,-76.0767,-0.140073,0.00203614,10.3489,0.0516133,-0.949243,-0.196789
655,0.714627,0.527974,-76.2059,-0.0753942,0.120471,10.204,0.0420259,-0.883197,-0.194658
656,0.726044,0.0777215,-76.3079,-0.0104117,0.104792,9.71368,0.0132638,-0.85763,-0.178679
657,0.721853,-0.416532,-76.4092,-0.0136539,-0.0192043,9.83784,0.00474168,-0.901306,-0.165896
658,0.733354,-1.01547,-76.513,-0.010037,0.0362985,9.94698,0.0313733,-1.02381,-0.154178
659,0.756489,-1.61959,-76.6036,0.012838,0.114456,9.79141,0.0388301,-1.09305,-0.149917
660,0.785434,-2.23503,-76.692,0.118861,0.0402222,9.77865,0.0633312,-1.11436,-0.145656
661,0.823313,-2.91394,-76.7944,0.321677,-0.0400611,9.94046,0.0654618,-1.08134,-0.153113
662,0.859559,-3.50022,-76.8923,0.429203,-0.0842909,10.0657,0.0750491,-0.99931,-0.165896
663,0.905766,-4.0429,-76.9987,0.749962,-0.0214678,9.90084,0.0835712,-0.930068,-0.174418
664,0.954555,-4.55531,-77.1184,0.488927,-0.0152449,9.70293,0.0857018,-0.892784,-0.203181
665,1.02253,-5.04925,-77.2452,0.593885,0.217485,9.64358,0.112333,-0.873609,-0.205311
666,1.12375,-5.59462,-77.3893,0.729763,0.26926,9.63323,0.151748,-0.911959,-0.214898
667,1.23245,-6.0141,-77.4992,0.838792,0.902521,9.31951,0.206077,-0.952439,-0.226616
668,1.43196,-6.64509,-77.673,0.8012,0.558938,9.01645,0.257209,-0.9567,-0.231943
669,1.62596,-7.13579,-77.8108,0.802799,0.249151,8.9198,0.365866,-1.0089,-0.242595
670,1.89666,-7.78531,-77.9878,1.24232,0.272491,9.25167,0.398889,-1.1069,-0.246856
671,2.13244,-8.4437,-78.1462,1.43247,0.109206,9.72115,0.357344,-1.20491,-0.225551
672,2.26325,-8.93602,-78.2482,1.63643,-0.034883,9.92777,0.284906,-1.24539,-0.194658
673,2.40796,-9.91753,-78.4163,1.87911,-0.144984,9.99461,0.101681,-1.18254,-0.137134
674,2.42992,-10.5895,-78.5009,1.95962,0.140013,9.82359,-0.0133678,-1.15058,-0.088132
675,2.40208,-11.1864,-78.5536,1.97306,0.250165,9.83876,-0.0858058,-1.15803,-0.0455214
676,2.31386,-11.9434,-78.5854,2.05253,0.549816,9.96514,-0.182745,-1.22408,0.0183945
677,2.19733,-12.6503,-78.5927,2.22279,0.366483,9.93443,-0.234943,-1.23047,0.0535482
678,2.03505,-13.4237,-78.579,2.45974,0.413046,9.92821,-0.263705,-1.18573,0.0801798
679,1.86673,-14.0855,-78.547,2.56931,0.3386,9.93172,-0.299924,-1.12608,0.103616
680,1.67616,-14.7185,-78.4945,2.58968,0.154826,9.90106,-0.315903,-1.08986,0.129182
681,1.50964,-15.2202,-78.4429,2.66555,0.0859765,9.7582,-0.32336,-1.0856,0.133443
682,1.27733,-15.9138,-78.3581,2.84832,-0.0315868,9.89279,-0.318033,-1.09945,0.155814
683,1.02647,-16.6152,-78.2559,3.04432,-0.166662,9.84038,-0.352122,-1.09945,0.174988
684,0.750393,-17.3036,-78.1333,3.1974,-0.157985,9.96724,-0.357448,-1.06962,0.200555
685,0.623943,-17.6085,-78.074,3.21615,-0.0750598,9.95314,-0.358513,-1.05683,0.204816
686,0.244928,-18.5136,-77.8882,3.371,-0.00821242,9.73602,-0.362775,-1.05151,0.214403
687,-0.0043097,-19.1324,-77.7579,3.42681,-0.108981,9.58049,-0.341469,-1.09625,0.214403
688,-0.253326,-19.8315,-77.6141,3.58016,-0.117843,9.60026,-0.293532,-1.08347,0.202685
689,-0.454636,-20.4375,-77.4872,3.70638,-0.291784,9.76956,-0.248791,-1.0057,0.196294
690,-0.621773,-20.9333,-77.3727,3.70893,-0.386712,9.854,-0.223225,-0.924742,0.184576
691,-0.815396,-21.4834,-77.2429,3.86605,-0.427766,9.77016,-0.209376,-0.830999,0.170727
692,-0.981314,-21.9469,-77.1285,3.74559,-0.451712,9.58478,-0.192332,-0.826738,0.152618
693,-1.14318,-22.4132,-77.0212,3.80073,-0.426999,9.38489,-0.190202,-0.830999,0.147291
694,-1.30351,-22.8932,-76.9149,3.82583,-0.557268,9.17332,-0.175288,-0.851239,0.136639
695,-1.45239,-23.3792,-76.8127,3.8863,-0.540042,8.98237,-0.158244,-0.856565,0.124921
696,-1.59936,-23.935,-76.7037,3.90985,-0.503025,9.03493,-0.131612,-0.907698,0.12279
697,-1.72713,-24.4526,-76.6004,3.75792,-0.593444,8.91649,-0.131612,-0.925807,0.136639
698,-1.85791,-24.9905,-76.4979,4.21705,-0.431273,8.65826,-0.14333,-0.941786,0.133443
699,-1.99506,-25.6056,-76.3746,4.21645,-0.230346,8.74681,-0.134808,-1.00677,0.151552
700,-2.11514,-26.1401,-76.2601,4.3336,-0.420201,8.89616,-0.127351,-1.06323,0.165401
701,-2.25314,-26.7535,-76.1236,4.42298,-0.530336,8.91233,-0.124155,-1.08347,0.172858
702,-2.41919,-27.4276,-75.9579,4.49055,-0.63817,8.97048,-0.133743,-1.1069,0.189902
703,-2.59106,-28.0498,-75.7932,4.53928,-0.645195,8.96257,-0.162505,-1.08879,0.204816
704,-2.80368,-28.6458,-75.6101,4.71012,-0.815138,8.8087,-0.212572,-1.03659,0.229317
705,-3.07915,-29.2701,-75.3867,4.67828,-0.854382,8.56046,-0.257313,-1.0057,0.257014
706,-3.36458,-29.8113,-75.1581,4.90071,-0.97335,8.70905,-0.283945,-0.948178,0.296428
707,-3.65329,-30.2793,-74.9313,5.01477,-0.906718,8.76614,-0.32336,-0.903437,0.325191
708,-4.03848,-30.7787,-74.6256,5.29355,-0.749884,8.90526,-0.370231,-0.746843,0.380584
709,-4.42472,-31.1384,-74.3156,5.24394,-0.817662,8.98874,-0.407516,-0.593445,0.432782
710,-4.85321,-31.4051,-73.974,5.10477,-0.942418,8.772,-0.445865,-0.491179,0.48498
711,-5.31599,-31.6196,-73.6038,5.1256,-0.918356,8.56891,-0.477823,-0.421937,0.52333
712,-5.75644,-31.7806,-73.2506,5.07941,-1.04037,8.59756,-0.493802,-0.358021,0.564875
713,-6.38157,-31.9346,-72.7574,5.11739,-1.10074,8.46249,-0.539608,-0.257886,0.58405
714,-6.86884,-31.9967,-72.3796,5.18901,-1.08605,8.64841,-0.572632,-0.195036,0.60642
715,-7.48385,-32.0485,-71.9036,5.47528,-0.911138,8.75495,-0.588611,-0.188644,0.630921
716,-8.06937,-32.1091,-71.4441,4.34824,-1.31281,8.46862,-0.588611,-0.206754,0.674597
717,-8.67905,-32.1276,-70.9799,5.18239,-1.64905,8.77107,-0.597133,-0.134316,0.619204
718,-9.26875,-32.1098,-70.5354,5.25441,-0.853571,8.54606,-0.539608,-0.0128757,0.613877
719,-9.76666,-32.0449,-70.1243,5.4599,-1.51292,8.7306,-0.498063,0.0201475,0.630921
720,-10.2788,-31.913,-69.7073,5.17091,-2.00835,9.15637,-0.48741,0.15224,0.637313
721,-10.7854,-31.686,-69.3074,5.21606,-2.339,8.96295,-0.475693,0.322683,0.630921
722,-11.2481,-31.409,-68.9721,6.20495,-1.91358,8.13098,-0.560914,0.535735,0.652227
723,-11.9532,-30.9002,-68.5245,5.09155,-2.17064,8.80809,-0.740943,0.63374,0.68738
724,-12.5636,-30.4973,-68.1791,4.64042,-2.10869,7.91148,-0.8496,0.616696,0.742774
725,-13.3582,-30.0629,-67.7174,5.19849,-1.63913,7.89907,-0.939083,0.524018,0.812016
726,-14.0477,-29.7155,-67.3091,4.97881,-1.82462,8.29735,-0.974236,0.525083,0.868475
727,-14.9394,-29.2826,-66.7734,4.8873,-2.14359,8.44468,-1.03602,0.437731,0.908955
728,-15.7783,-28.9259,-66.2751,6.75358,-2.1134,7.82354,-1.0307,0.455841,0.910021
729,-16.5995,-28.4942,-65.7957,3.12643,-2.96633,9.64574,-1.00193,0.525083,0.873802
730,-17.3225,-28.0416,-65.4286,3.68391,-2.81071,8.69381,-1.0488,0.749854,0.833322
731,-18.1549,-27.3939,-65.0584,4.23845,-2.61898,8.10653,-1.06478,0.829748,0.800299
732,-18.9844,-26.7628,-64.7041,4.3486,-2.80647,8.19979,-1.06159,0.713635,0.774732
733,-19.7649,-26.272,-64.3599,3.4777,-3.07351,8.25933,-1.08396,0.493125,0.767275
734,-20.417,-25.9347,-64.0901,3.69007,-3.7417,8.04857,-1.16705,0.465428,0.689511
735,-21.2949,-25.4989,-63.7744,3.98938,-3.3397,8.03342,-1.13083,0.470754,0.631987
736,-22.0921,-25.0641,-63.4886,3.83359,-3.17646,8.95017,-1.07011,0.440927,0.593637
737,-22.5838,-24.7895,-63.3328,4.11288,-3.32029,8.35831,-1.06798,0.548519,0.605355
738,-23.4742,-24.2326,-63.0646,3.68667,-3.60228,7.80497,-1.052,0.580477,0.600029
739,-24.269,-23.7023,-62.8591,2.98335,-4.66193,7.77661,-1.10207,0.618826,0.56594
740,-24.9871,-23.2524,-62.7016,2.74674,-4.21918,8.20347,-1.09035,0.548519,0.538243
741,-25.6926,-22.8619,-62.5334,3.47277,-4.10311,8.41647,-1.08928,0.475015,0.533982
742,-26.3958,-22.4597,-62.3815,3.79204,-4.72406,8.20655,-1.11379,0.521887,0.511612
743,-27.0959,-22.0735,-62.231,3.49388,-4.4571,8.32105,-1.09887,0.478211,0.512677
744,-27.7928,-21.6967,-62.082,3.53039,-4.85413,8.36288,-1.101,0.476081,0.509481
745,-28.5538,-21.2758,-61.9298,3.56202,-4.55155,8.25785,-1.09568,0.464363,0.506286
746,-29.2426,-20.9041,-61.7861,3.56919,-4.78775,8.26865,-1.08396,0.462232,0.52333
747,-29.9023,-20.5104,-61.6581,3.5706,-4.90764,8.59942,-1.04241,0.529344,0.526526
748,-30.5294,-20.0741,-61.553,3.76701,-5.27083,8.45282,-1.00726,0.611369,0.52546
749,-31.1184,-19.5873,-61.4805,3.62411,-5.0826,8.42159,-0.97104,0.731744,0.547831
750,-31.6784,-19.0382,-61.444,3.39206,-5.11667,8.1197,-0.926299,0.819096,0.5457
751,-32.2598,-18.4221,-61.424,3.21814,-5.23015,8.03761,-0.883689,0.807378,0.535048
752,-32.7155,-17.93,-61.4133,3.21204,-5.25608,8.16437,-0.868775,0.803117,0.522264
753,-33.2594,-17.3199,-61.4254,3.13625,-5.47323,8.18359,-0.852796,0.863837,0.50309
754,-33.6794,-16.7845,-61.4812,2.95389,-5.49586,8.1295,-0.815512,1.00871,0.469001
755,-34.1373,-16.0466,-61.6341,2.65479,-5.64015,8.13574,-0.755857,1.17276,0.446631
756,-34.5092,-15.3384,-61.8194,2.43086,-5.70631,8.00388,-0.690876,1.16531,0.419999
757,-34.8814,-14.6216,-62.0139,2.3816,-5.77181,8.00399,-0.631221,1.01937,0.374193
758,-35.1899,-14.04,-62.1724,2.34516,-5.67421,8.28252,-0.571566,0.947993,0.346496
759,-35.2454,-13.927,-62.2035,2.28686,-5.75914,8.24453,-0.523629,0.966102,0.327321
760,-35.6911,-12.8987,-62.5221,2.18511,-5.81231,8.29977,-0.44693,1.01937,0.314538
761,-35.8522,-12.353,-62.7255,2.16773,-5.79818,8.15146,-0.38408,1.12163,0.297494
762,-36.0277,-11.6222,-63.0363,1.85618,-5.45755,7.20812,-0.371297,1.29953,0.278319
763,-36.2075,-10.8587,-63.3845,1.43712,-5.64745,7.32245,-0.352122,1.1994,0.253818
764,-36.2233,-10.7946,-63.4131,1.48753,-5.67266,7.31257,-0.346796,1.17063,0.255948
765,-36.2233,-10.7946,-63.4131,1.48753,-5.67266,7.31257,-0.346796,1.17063,0.255948
766,-36.5776,-9.39599,-64.0396,1.77123,-5.83323,8.34463,-0.246661,0.941601,0.173923
767,-36.6543,-8.79061,-64.354,1.64182,-5.84507,8.63073,-0.213638,1.17063,0.190967
768,-36.6909,-8.06331,-64.7457,1.673,-5.93595,8.79098,-0.150787,1.39966,0.194163
769,-36.6845,-7.46088,-65.085,1.57584,-5.9887,9.06186,-0.0964584,1.57863,0.196294
770,-36.6123,-6.4274,-65.6872,1.23114,-6.15726,9.13555,0.0153943,1.85453,0.190967
771,-36.5125,-5.66446,-66.1519,1.1906,-6.1132,8.96601,0.131508,2.0026,0.16327
772,-36.5125,-5.66446,-66.1519,1.1906,-6.1132,8.96601,0.131508,2.0026,0.16327
773,-36.0672,-3.33867,-67.6642,0.509308,-5.56421,7.38538,0.295559,2.39675,0.104681
774,-35.9262,-2.53361,-68.2067,0.225399,-5.59847,7.41765,0.306211,2.38716,0.0652661
775,-35.6458,-1.18693,-69.1334,-0.418696,-5.88125,7.63376,0.406346,1.86305,0.0109376
776,-35.5262,-0.777815,-69.42,-0.430053,-5.93546,7.66067,0.483045,1.25159,-0.0252814
777,-35.1109,0.104135,-70.0649,-0.338661,-5.81846,7.60968,0.506481,0.869163,-0.0412603
778,-34.8237,0.475853,-70.3471,-0.231678,-5.52533,8.08006,0.519264,0.783942,-0.0423256
779,-34.5528,0.82276,-70.6059,-0.0320524,-5.46675,8.40974,0.511808,0.892599,-0.0274119
780,-34.3061,1.16942,-70.8586,-0.0107964,-5.38374,8.682,0.519264,0.987408,-0.0242161
781,-33.891,1.84389,-71.3306,-0.226312,-5.35601,8.89697,0.541635,1.28462,-0.0210203
782,-33.5796,2.53805,-71.8177,-0.358819,-5.4226,8.9398,0.564005,1.6287,-0.0529783
783,-33.2098,3.41649,-72.448,-0.267113,-5.49079,8.90551,0.652422,1.78316,-0.0583046
784,-32.8819,4.13626,-72.9492,-0.805164,-5.47024,8.45558,0.708881,1.61272,-0.0551088
785,-32.4789,4.87886,-73.4669,-1.05137,-5.58774,7.91395,0.74297,1.26331,-0.0455214
786,-32.0964,5.40239,-73.8371,-1.10938,-5.47406,7.73065,0.78558,0.954384,-0.0625656
787,-31.6848,5.80672,-74.1356,-1.29777,-5.18079,7.99626,0.819669,0.781812,-0.0796099
788,-31.241,6.18493,-74.4209,-1.29322,-5.10507,8.37199,0.822865,0.870228,-0.0934583
789,-30.8882,6.53691,-74.6853,-1.07461,-5.14708,8.72786,0.842039,1.02043,-0.0966541
790,-30.3353,7.14691,-75.1184,-1.09338,-4.87755,8.98211,0.877193,1.14613,-0.0838709
791,-29.8024,7.77039,-75.5366,-1.81769,-4.40007,9.04189,0.923,1.24733,-0.0742835
792,-29.5536,8.0767,-75.74,-1.05162,-4.95933,8.76163,0.96561,1.30273,-0.0913278
793,-28.753,9.05018,-76.374,-1.39163,-4.6771,8.98916,1.08172,1.42843,-0.0945236
794,-28.1753,9.7486,-76.8176,-1.52343,-4.68885,8.95808,1.15629,1.45932,-0.0828057
795,-27.5567,10.4324,-77.2411,-1.80752,-4.56105,8.89371,1.23512,1.33468,-0.088132
796,-26.9702,10.9981,-77.5875,-2.02747,-4.41426,8.62568,1.28412,1.2239,-0.0998499
797,-26.2947,11.5855,-77.9496,-2.13753,-4.32617,8.77635,1.32141,1.13867,-0.100915
798,-25.5984,12.142,-78.2914,-2.06534,-4.32323,8.79179,1.35017,1.12696,-0.10198
799,-24.7413,12.8302,-78.6897,-2.06048,-3.87758,8.89121,1.37148,1.17596,-0.0689572
800,-24.0163,13.4067,-78.9999,-2.12226,-3.88149,8.98258,1.39598,1.11417,-0.0433909
801,-23.3438,13.8992,-79.2396,-2.57312,-3.9473,9.15988,1.41196,1.03002,-0.0146287
802,-22.5076,14.4695,-79.4917,-2.09329,-3.54779,9.1606,1.40663,0.993799,0.0162639
803,-21.7506,14.9917,-79.69,-2.41104,-3.48515,9.26291,1.38106,0.985277,0.040765
804,-20.9999,15.4914,-79.8646,-2.51997,-3.3757,9.16541,1.39065,0.900056,0.0546134
805,-20.2348,15.9628,-80.0085,-2.89119,-3.1318,8.97975,1.39065,0.846793,0.0556787
806,-19.4755,16.4518,-80.1578,-2.82317,-3.19413,9.01105,1.4013,0.904317,0.0535482
807,-18.6437,17.0051,-80.3285,-2.84966,-3.0498,8.67896,1.41622,0.889403,0.0343734
808,-17.8597,17.4796,-80.4648,-2.9738,-2.93379,8.79015,1.47055,0.778616,0.0386345
809,-17.0393,17.8765,-80.5645,-3.07265,-2.76299,9.00839,1.5057,0.631609,0.0546134
810,-16.1962,18.1997,-80.6324,-3.24549,-2.55021,9.29675,1.5057,0.546388,0.0514176
811,-15.3628,18.504,-80.6835,-3.06745,-2.25312,9.61221,1.44924,0.527213,0.0631356
812,-14.5469,18.7865,-80.7154,-3.11473,-2.01078,9.71253,1.37787,0.518691,0.0759187
813,-13.8253,19.0618,-80.7336,-3.27608,-1.64765,9.66475,1.3555,0.544258,0.0887019
814,-12.9471,19.4565,-80.7512,-3.10691,-1.8604,9.39094,1.39172,0.672089,0.123856
815,-12.2163,19.8108,-80.7564,-3.3037,-1.87178,9.35704,1.40663,0.700851,0.139835
816,-11.3064,20.2366,-80.7428,-3.33293,-1.8444,9.499,1.44178,0.634805,0.16327
817,-10.3801,20.6226,-80.7034,-3.40862,-1.71163,9.25444,1.46096,0.578346,0.178184
818,-10.3801,20.6226,-80.7034,-3.40862,-1.71163,9.25444,1.46096,0.578346,0.178184
819,-8.8081,21.2261,-80.6225,-3.53823,-1.47626,9.15091,1.53659,0.601782,0.16114
820,-7.71233,21.6505,-80.5632,-3.57892,-0.972288,9.46885,1.56322,0.59326,0.164336
821,-6.77657,21.9904,-80.5003,-3.75421,-0.709283,9.55824,1.56322,0.59326,0.156879
822,-5.84852,22.3634,-80.4354,-3.65132,-0.678662,9.63151,1.55683,0.693395,0.173923
823,-5.10399,22.6625,-80.3731,-3.81184,-0.604887,9.7247,1.54405,0.647588,0.18351
824,-3.90685,23.1501,-80.2626,-3.86567,-0.588255,9.66931,1.54298,0.659306,0.178184
825,-2.98745,23.5179,-80.1765,-3.93137,-0.478595,9.59846,1.53233,0.651849,0.159009
826,-2.0617,23.8862,-80.0864,-3.97592,-0.270877,9.39215,1.57175,0.651849,0.167531
827,-1.11018,24.2317,-79.9867,-4.13329,-0.058899,9.41567,1.59305,0.588999,0.167531
828,-0.145674,24.5435,-79.8797,-4.08662,-0.105701,9.39479,1.61862,0.518691,0.176054
829,0.741265,24.7632,-79.7786,-4.08687,0.050874,9.30536,1.66655,0.373815,0.180315
830,1.74365,24.9284,-79.6634,-4.35195,0.254791,9.14708,1.67295,0.242788,0.16327
831,2.74598,25.0572,-79.5499,-4.3849,0.439078,9.16159,1.6591,0.216156,0.176054
832,3.73592,25.1772,-79.4356,-4.42219,0.739907,9.12991,1.61436,0.199112,0.168597
833,4.32284,25.2473,-79.3646,-4.35811,0.778545,8.98077,1.60796,0.221482,0.176054
834,5.78737,25.4393,-79.1737,-4.37021,1.16093,9.13611,1.59625,0.257701,0.185641
835,6.76333,25.5856,-79.0297,-4.37155,1.298,9.28944,1.56003,0.301377,0.190967
836,7.83091,25.7576,-78.8557,-4.39306,1.59044,9.36263,1.54724,0.325878,0.205881
837,8.6084,25.9004,-78.7198,-4.22351,1.70201,9.17105,1.55364,0.397251,0.210142
838,9.80577,26.1772,-78.4938,-4.37379,1.87949,9.15797,1.59199,0.518691,0.214403
839,10.8377,26.4579,-78.2823,-4.26053,1.96736,8.99772,1.63992,0.584738,0.235708
840,11.8936,26.743,-78.0582,-4.42203,1.82083,8.90979,1.67614,0.538931,0.24423
841,12.9689,26.9761,-77.8316,-4.43317,1.94002,8.75858,1.71236,0.426013,0.248492
842,14.0468,27.1293,-77.6221,-4.53099,2.12845,8.74492,1.72834,0.25131,0.250622
843,15.2264,27.172,-77.4212,-4.52501,2.39903,8.6726,1.72621,0.0808676,0.257014
844,16.2779,27.1543,-77.2554,-4.58011,2.54746,8.73967,1.69106,0.0286696,0.257014
845,17.217,27.1295,-77.1068,-4.48945,2.7468,8.57512,1.68147,0.0531707,0.26234
846,18.3642,27.126,-76.9123,-4.50151,2.98034,8.42299,1.64951,0.120282,0.259144
847,19.2847,27.136,-76.7475,-4.61997,3.08219,8.43974,1.6101,0.103238,0.253818
848,20.3703,27.1351,-76.5515,-4.59034,3.19532,8.47286,1.55151,0.0936507,0.26234
849,21.3216,27.1216,-76.3786,-4.56886,3.38894,8.44145,1.49824,0.0510402,0.259144
850,22.3363,27.0405,-76.2102,-4.61018,3.56011,8.26201,1.46309,-0.0980968,0.272993
851,23.2372,26.9005,-76.0781,-4.54842,3.73528,8.0505,1.43007,-0.18971,0.288972
852,24.1172,26.7115,-75.9544,-4.38914,3.83641,8.15624,1.40876,-0.255756,0.308146
853,24.9688,26.4749,-75.8452,-4.17374,3.90179,8.15769,1.38319,-0.320737,0.339039
854,25.7936,26.2041,-75.7551,-5.18501,4.43112,7.80816,1.37361,-0.383588,0.293233
855,26.6308,25.933,-75.6704,-4.65948,3.76992,8.35124,1.36402,-0.347369,0.335843
856,27.4354,25.6836,-75.5759,-4.55919,4.20928,8.04339,1.28839,-0.307954,0.346496
857,28.2476,25.4159,-75.4647,-4.4905,4.26631,8.13904,1.16695,-0.315411,0.350757
858,28.9246,25.1453,-75.3807,-4.39644,4.25626,8.07979,1.11475,-0.382522,0.347561
859,29.5771,24.8447,-75.3208,-4.2192,4.36827,7.76667,1.08705,-0.436851,0.351822
860,30.1982,24.5209,-75.2768,-4.22801,4.38502,7.74516,1.04018,-0.489049,0.353953
861,30.8292,24.0992,-75.2695,-4.3973,4.53839,7.93151,0.96348,-0.648839,0.362475
862,31.3481,23.6447,-75.2947,-2.58623,5.08728,7.67755,0.913412,-0.680796,0.356083
863,31.8373,23.1738,-75.3694,-4.4925,5.06162,8.37354,0.974132,-0.789453,0.346496
864,32.3699,22.7086,-75.4413,-3.87175,5.02072,8.41264,0.995438,-0.698906,0.330517
865,32.9076,22.2888,-75.4933,-3.91717,5.0173,8.00896,0.92513,-0.658426,0.32306
866,33.4037,21.8551,-75.5523,-3.81643,4.91293,7.90178,0.882519,-0.739386,0.342235
867,33.9218,21.3154,-75.6594,-3.62913,4.91583,7.5732,0.918738,-0.868283,0.342235
868,34.4175,20.7931,-75.7896,-3.75923,5.11642,7.5256,0.973067,-0.885327,0.344365
869,34.9216,20.3013,-75.9138,-3.76361,5.21496,7.4539,0.935783,-0.810759,0.339039
870,35.2126,20.0076,-75.9903,-3.30355,5.66371,7.52774,0.888911,-0.873609,0.34117
871,35.8825,19.2697,-76.1845,-3.53983,5.59752,7.78757,0.909151,-0.890653,0.362475
872,36.2157,18.901,-76.2792,-3.6293,5.547,7.94055,0.924065,-0.892784,0.376323
873,36.7221,18.3025,-76.4469,-3.53918,5.69174,7.80822,0.876128,-0.97907,0.385911
874,37.2661,17.5312,-76.6796,-3.42569,5.56918,7.63548,0.820734,-1.06962,0.416803
875,37.6706,16.9141,-76.8683,-3.0191,5.63331,7.69255,0.819669,-1.04831,0.425325
876,38.0762,16.3067,-77.0504,-2.93734,5.74616,7.78846,0.827126,-0.989723,0.40189
877,38.4921,15.7415,-77.2129,-2.89032,5.71958,7.71879,0.82606,-0.925807,0.391237
878,38.9442,15.1565,-77.3803,-2.83795,5.86224,7.53616,0.794103,-0.869348,0.388041
879,39.302,14.701,-77.5125,-2.69285,5.98037,7.60776,0.7451,-0.83739,0.378454
880,39.6962,14.1428,-77.6709,-2.52735,5.92194,7.65783,0.688641,-0.845912,0.374193
881,40.0267,13.6367,-77.8186,-2.39332,6.02753,7.76572,0.656683,-0.829933,0.384845
882,40.2738,13.2261,-77.9332,-1.98274,6.08849,7.71939,0.604486,-0.820346,0.376323
883,40.6389,12.6125,-78.0882,-2.05037,6.28055,7.84496,0.513938,-0.657361,0.368866
884,40.886,12.2154,-78.1568,-2.25897,6.53536,7.65918,0.443631,-0.555095,0.355018
885,41.1154,11.8328,-78.201,-1.94744,6.60538,7.55977,0.405281,-0.525268,0.379519
886,41.3318,11.4649,-78.2346,-1.88499,6.43895,7.42359,0.382911,-0.501832,0.366736
887,41.5327,11.1153,-78.2655,-1.94858,6.39384,7.4331,0.365866,-0.498636,0.372062
888,41.7212,10.7395,-78.3191,-1.77979,6.49178,7.40819,0.36267,-0.591314,0.366736
889,41.9118,10.2559,-78.4341,-0.347167,6.59604,7.4673,0.349887,-0.681862,0.339039
890,42.0515,9.91649,-78.5755,-2.26121,6.42802,7.09104,0.349887,-0.79478,0.30282
891,42.2373,9.36782,-78.7759,-1.97022,6.14797,7.40067,0.337104,-0.840586,0.336908
892,42.3545,8.90465,-78.9544,-1.39846,6.3173,7.45286,0.282776,-0.965222,0.364605
893,42.4548,8.30007,-79.1995,-1.67235,6.60077,7.39499,0.182641,-0.929003,0.358214
894,42.4904,7.81986,-79.3648,-1.41348,6.50618,7.51069,0.0654618,-0.697841,0.359279
895,42.4696,7.45134,-79.4206,-1.28968,6.62198,7.48103,-0.0645005,-0.424068,0.367801
896,42.3923,7.17099,-79.3963,-1.30776,6.59204,7.42846,-0.169962,-0.257886,0.360344
897,42.265,6.9522,-79.3134,-1.29132,6.63842,7.4703,-0.267966,-0.177992,0.373127
898,42.0576,6.68857,-79.2164,-1.02281,6.3516,7.5119,-0.370231,-0.271735,0.40402
899,41.8306,6.39125,-79.1737,-1.19808,6.53032,7.42662,-0.40645,-0.415546,0.410412
900,41.616,6.07135,-79.1653,-0.999364,6.56153,7.47152,-0.414972,-0.464548,0.427456
901,41.3493,5.66307,-79.1694,-0.788804,6.41179,7.36081,-0.412842,-0.511419,0.414673
902,41.0911,5.24879,-79.1876,-0.817787,6.28704,7.13545,-0.414972,-0.496506,0.409346
903,40.8481,4.88592,-79.1995,-0.769943,6.15674,7.11211,-0.432017,-0.465613,0.396563
904,40.6028,4.55999,-79.1739,-0.704399,6.34732,7.35383,-0.4448,-0.326063,0.40189
905,40.3465,4.3046,-79.0878,-0.876827,6.61631,7.64805,-0.481019,-0.19184,0.419999
906,40.0844,4.08571,-78.9793,-0.725453,6.40547,7.77688,-0.532152,-0.204623,0.446631
907,39.7373,3.76167,-78.8635,-0.379416,6.602,7.87921,-0.557718,-0.301562,0.471132
908,39.4283,3.4244,-78.7569,-0.520978,6.48723,7.83297,-0.530021,-0.344173,0.532917
909,39.1529,3.05947,-78.6537,-0.812855,6.48888,7.6626,-0.516173,-0.398501,0.555288
910,38.8679,2.69341,-78.5479,-0.738701,6.07944,7.75099,-0.488476,-0.402762,0.558483
911,38.5849,2.32061,-78.445,-0.521451,6.05513,7.5614,-0.50765,-0.410219,0.5457
912,38.3496,2.0266,-78.357,-0.675474,6.03253,7.65196,-0.532152,-0.401697,0.556353
913,37.9426,1.54696,-78.2063,-0.564331,5.99896,7.79714,-0.571566,-0.435786,0.588311
914,37.5985,1.14934,-78.0817,-0.398554,6.09163,8.07493,-0.613112,-0.428329,0.621334
915,37.2265,0.744189,-77.929,0.0664155,6.3018,8.27015,-0.681289,-0.401697,0.671402
916,37.0665,0.572239,-77.8574,-0.401631,6.05398,8.32845,-0.714312,-0.376131,0.732122
917,36.5201,0.070631,-77.5948,0.0764296,5.82493,8.46577,-0.814447,-0.385718,0.758753
918,35.8156,-0.593803,-77.2662,0.187063,5.9843,8.19372,-0.913516,-0.425133,0.861019
919,35.2369,-1.14223,-76.975,-0.475503,6.02617,8.22946,-0.936952,-0.45283,0.901499
920,34.6962,-1.63666,-76.71,0.206429,5.54791,7.92006,-0.941213,-0.449634,0.876998
921,34.0975,-2.18373,-76.4139,0.371489,5.35789,7.82048,-0.942278,-0.446438,0.880193
922,33.5494,-2.68037,-76.1433,0.468744,5.31935,8.27757,-0.933756,-0.4752,0.874867
923,32.9754,-3.20091,-75.88,0.519586,5.35669,8.74669,-0.96891,-0.538051,0.886585
924,32.431,-3.7051,-75.6527,0.860869,5.33557,9.17732,-1.0275,-0.603032,0.898303
925,31.7122,-4.35283,-75.3681,0.822675,5.29696,9.17025,-1.10633,-0.647773,0.92813
926,31.04,-4.96126,-75.1087,1.2005,5.36666,8.74012,-1.1564,-0.642447,0.952631
927,30.479,-5.44469,-74.8807,1.15836,5.03263,8.6964,-1.19368,-0.616881,0.962219
928,29.5283,-6.20841,-74.4799,1.36448,4.83696,8.70865,-1.22244,-0.572139,0.976067
929,28.7758,-6.755,-74.1305,1.53426,4.6368,8.76845,-1.23416,-0.466678,0.98672
930,28.0887,-7.2039,-73.785,1.33303,4.61358,8.92485,-1.24694,-0.413415,0.990981
931,27.2278,-7.70893,-73.343,1.22121,4.44619,9.02103,-1.27358,-0.402762,0.969676
932,26.6655,-8.02906,-73.0657,1.36896,4.29825,9.27726,-1.28636,-0.39424,0.959023
933,25.5976,-8.59571,-72.5526,1.76626,4.30129,9.28141,-1.33643,-0.316476,0.935587
934,24.7472,-9.00549,-72.1448,1.8172,4.13247,9.31392,-1.36093,-0.324998,0.929195
935,23.788,-9.43483,-71.6952,1.86935,3.86942,9.31489,-1.40247,-0.329259,0.895107
936,23.078,-9.75134,-71.3804,1.90323,3.7439,9.17393,-1.41952,-0.359087,0.883389
937,22.1104,-10.1781,-70.9584,1.9078,3.57028,9.04748,-1.39928,-0.348434,0.854627
938,21.175,-10.5733,-70.5352,1.91808,3.4848,9.02132,-1.33217,-0.305823,0.831191
939,20.3581,-10.908,-70.1515,1.88763,3.29242,8.57432,-1.29701,-0.29304,0.82693
940,19.5535,-11.2515,-69.7701,1.98748,3.29442,8.90843,-1.26079,-0.374,0.820539
941,18.6854,-11.6549,-69.3549,2.09633,3.07994,9.28609,-1.22031,-0.39211,0.815212
942,17.9865,-11.9712,-69.0073,2.14937,2.99579,9.41167,-1.18622,-0.350565,0.808821
943,17.2281,-12.2837,-68.6174,2.17165,2.81211,9.3538,-1.16279,-0.295171,0.793907
944,16.4035,-12.6018,-68.1859,2.4063,2.58088,9.38899,-1.14042,-0.258952,0.768341
945,15.729,-12.8486,-67.8277,2.3209,2.44837,9.26215,-1.14361,-0.267474,0.78432
946,14.8309,-13.1869,-67.3468,2.46554,2.31742,9.42249,-1.11272,-0.29304,0.783254
947,14.0931,-13.4703,-66.9414,2.55571,2.08556,9.45947,-1.09568,-0.280257,0.783254
948,13.4207,-13.7207,-66.5681,2.44693,1.91544,9.69697,-1.11805,-0.296236,0.80669
949,12.5841,-14.0153,-66.1028,2.36611,1.92952,9.61108,-1.1255,-0.296236,0.793907
950,11.832,-14.2668,-65.6812,2.43944,2.03634,9.54211,-1.11166,-0.278127,0.788581
951,11.0873,-14.5174,-65.2621,2.66378,1.94437,9.71806,-1.13509,-0.294105,0.792842
952,10.3146,-14.7817,-64.8296,2.82612,1.86254,10.0689,-1.17238,-0.320737,0.818408
953,9.43584,-15.0791,-64.3364,2.98341,1.85761,10.0125,-1.21712,-0.327129,0.833322
954,8.62262,-15.3403,-63.8625,3.36285,1.5082,10.1954,-1.19368,-0.239777,0.873802
955,7.8101,-15.556,-63.3515,3.35618,1.06167,9.6302,-1.16598,-0.177992,0.929195
956,6.9845,-15.7409,-62.8047,2.64074,0.646214,9.35133,-1.13296,-0.177992,0.94624
957,6.18782,-15.8945,-62.2663,2.76244,0.716784,9.31048,-1.07224,-0.135381,0.90789
958,5.73124,-15.9749,-61.9524,2.69304,0.717938,9.51255,-1.04774,-0.135381,0.88552
959,4.75154,-16.1302,-61.2865,2.56112,0.486273,9.54324,-1.02963,-0.13112,0.855692
960,3.94709,-16.219,-60.7403,2.68932,0.508938,9.59076,-1.01259,-0.0235283,0.820539
961,3.1461,-16.2263,-60.2022,2.74261,0.561494,9.92402,-1.04667,0.0755412,0.814147
962,2.40075,-16.1747,-59.7172,2.76615,0.387719,10.0293,-1.0765,0.149044,0.801364
963,1.65155,-16.0738,-59.2467,2.66775,0.147481,9.77859,-1.05413,0.218287,0.759818
964,0.936138,-15.9349,-58.806,2.56344,0.0887621,9.55104,-0.995542,0.277941,0.707621
965,0.262243,-15.7704,-58.3993,2.50429,0.0393425,9.33751,-0.974236,0.276876,0.658618
966,-0.399878,-15.6254,-58.0147,2.34566,-0.0563273,9.53995,-0.963584,0.178872,0.622399
967,-1.03153,-15.5348,-57.6553,2.42153,-0.215744,9.68461,-0.894341,0.0851286,0.573397
968,-1.6795,-15.4948,-57.2923,2.5703,-0.381948,9.6398,-0.836817,0.018017,0.524395
969,-2.23085,-15.4774,-56.9895,2.53829,-0.42323,9.43143,-0.782489,0.0276043,0.490307
970,-2.74746,-15.4202,-56.7101,2.5059,-0.467701,9.77952,-0.760118,0.0925855,0.473262
971,-3.25869,-15.3198,-56.4381,2.55237,-0.489677,9.86034,-0.791011,0.177807,0.46474
972,-3.80384,-15.1927,-56.1622,2.55237,-0.556051,9.72751,-0.868775,0.194851,0.488176
973,-4.45847,-15.0471,-55.841,2.37409,-0.810418,9.55739,-0.931626,0.181002,0.515873
974,-5.0779,-14.904,-55.5424,2.41085,-0.872542,9.7341,-0.953996,0.19059,0.515873
975,-5.64692,-14.7695,-55.2785,2.46317,-0.942526,9.60966,-0.981693,0.225744,0.522264
976,-6.33803,-14.5644,-54.9627,2.38866,-1.02149,9.57372,-0.945474,0.31416,0.499894
977,-6.81745,-14.3825,-54.7527,2.45601,-1.10809,9.72811,-0.920973,0.351445,0.479654
978,-7.50788,-14.0872,-54.4499,2.40074,-1.333,10.0316,-0.878362,0.381272,0.46261
979,-8.06044,-13.8242,-54.2156,2.37822,-1.51469,9.88729,-0.831491,0.415361,0.449827
980,-8.63374,-13.4714,-53.9807,2.37528,-1.5172,9.70967,-0.78888,0.570889,0.428521
981,-9.14725,-13.0709,-53.7935,2.32221,-1.46991,9.05271,-0.853861,0.713635,0.429586
982,-9.71595,-12.6088,-53.6117,2.02233,-1.40011,8.75245,-0.974236,0.746658,0.445565
983,-10.3203,-12.1765,-53.4263,1.86444,-1.66686,9.35598,-0.997672,0.6135,0.434913
984,-10.9274,-11.7973,-53.2502,2.16297,-1.87316,9.73315,-0.977432,0.597521,0.393367
985,-11.51,-11.4142,-53.0982,2.22768,-1.90982,9.73751,-0.944409,0.65611,0.377389
986,-12.1201,-10.9442,-52.9641,2.02661,-2.14535,9.8959,-0.907125,0.749854,0.346496
987,-12.6516,-10.4586,-52.8788,2.0177,-2.39058,10.3092,-0.876232,0.851054,0.301755
988,-13.1497,-9.91082,-52.8386,1.83263,-2.65751,10.469,-0.808055,0.988473,0.253818
989,-13.6031,-9.27177,-52.8585,1.63223,-2.63655,9.56534,-0.76651,1.19194,0.194163
990,-14.1304,-8.47044,-52.9333,1.18033,-2.43312,8.68251,-0.885819,1.26757,0.179249
991,-14.6106,-7.8214,-53.0093,0.741561,-2.65982,8.68442,-0.94867,1.17596,0.146226
992,-15.1534,-7.15892,-53.1154,0.63294,-2.6826,9.17501,-0.933756,1.07369,0.0588745
993,-15.6508,-6.55047,-53.2707,0.812088,-2.67807,9.55528,-0.859188,1.06091,-0.0252814
994,-16.1034,-5.95729,-53.4725,0.953283,-2.69744,9.89596,-0.801663,1.07582,-0.0806751
995,-16.5732,-5.30552,-53.7298,0.962126,-2.92491,9.95755,-0.763314,1.16744,-0.12222
996,-16.9382,-4.71335,-53.9857,0.905194,-3.33877,10.3122,-0.714312,1.31764,-0.153113
997,-17.3477,-3.88035,-54.3621,0.61616,-3.67554,10.5996,-0.614177,1.52856,-0.202115
998,-17.723,-2.90549,-54.8163,0.480776,-3.41554,8.7707,-0.620569,1.82257,-0.219159
999,-18.1475,-1.89209,-55.2725,0.000153389,-3.14812,7.97211,-0.785684,1.9536,-0.205311
